full_path,file_name,class_name,feature_array,feature_array_size
./Sample-kelapa/data/cut_sample/matang/wav/mtg10a.wav,mtg10a.wav,mature,"[[ 2.00009825e+00 -3.23122781e-01  1.55573374e-02 ...  3.38605493e-02
   2.16454268e-02  1.71325016e-02]
 [ 2.02122263e+00 -2.93776390e-01  1.84971701e-02 ...  1.41277350e-03
  -1.56000613e-02 -8.70259751e-03]
 [ 2.03700220e+00 -3.10501154e-01  1.21652030e-02 ...  1.84085822e-02
   1.04684105e-02  1.47597369e-03]
 ...
 [ 1.35246519e+00 -1.25170233e-01 -4.43595536e-02 ... -1.83835645e-03
   4.83790734e-03 -1.50804665e-02]
 [ 1.33225538e+00 -1.34225266e-01 -3.78483511e-02 ... -4.23593582e-03
   1.41154471e-03 -1.00609288e-02]
 [ 1.31965770e+00 -1.18918318e-01 -1.37023519e-02 ... -2.38129914e-02
  -2.39146930e-03 -1.28392001e-02]]","(98, 13)"
./Sample-kelapa/data/cut_sample/matang/wav/mtg10b.wav,mtg10b.wav,mature,"[[ 2.03020507e+00 -3.08123169e-01  2.39846089e-02 ...  3.33751935e-02
   7.80014421e-03  2.72485162e-02]
 [ 2.01855074e+00 -3.29777927e-01 -9.38913831e-03 ...  1.28815465e-02
  -1.21102096e-02 -1.84439069e-03]
 [ 2.03659487e+00 -2.85375464e-01  2.73765100e-02 ...  2.35006942e-02
   9.28673991e-03 -6.82539859e-03]
 ...
 [ 1.26827106e+00 -1.30633258e-01 -3.28671651e-02 ...  1.81031271e-02
  -5.48885300e-03 -1.78482500e-02]
 [ 1.27004043e+00 -1.60092751e-01 -2.49307532e-02 ...  1.88391964e-02
  -6.61394618e-04  8.21603088e-03]
 [ 1.26492875e+00 -1.75092474e-01 -4.25794645e-02 ...  2.02030904e-02
   7.04722772e-03 -8.71633058e-03]]","(98, 13)"
./Sample-kelapa/data/cut_sample/matang/wav/mtg10c.wav,mtg10c.wav,mature,"[[ 2.05320159e+00 -3.09262719e-01  1.03962221e-02 ...  5.43814607e-03
  -1.99791163e-02  8.98232079e-03]
 [ 2.02692944e+00 -3.33915695e-01  3.07541391e-02 ... -1.48800547e-02
   2.85783568e-02  3.23101237e-02]
 [ 2.03456280e+00 -3.30492473e-01  3.20866352e-02 ... -6.49203610e-03
   2.25092098e-02 -1.56133641e-03]
 ...
 [ 1.68172714e+00  3.11150855e-02 -4.14794868e-01 ... -2.06896330e-02
   1.44767777e-02 -3.75722328e-02]
 [ 1.59273563e+00  5.96956033e-02 -3.25155825e-01 ... -3.69495537e-02
  -1.75770887e-02  1.35318778e-02]
 [ 1.57446987e+00  6.63954818e-02 -3.63823919e-01 ... -3.98489754e-02
  -3.83309852e-02  7.36321615e-03]]","(98, 13)"
./Sample-kelapa/data/cut_sample/matang/wav/mtg11a.wav,mtg11a.wav,mature,"[[ 2.15249776e+00 -2.74588274e-01 -1.02026208e-02 ... -2.34390865e-03
  -8.04193360e-03  9.45265391e-04]
 [ 2.15987422e+00 -3.11206085e-01 -4.61252891e-02 ...  1.02377222e-02
   6.71727496e-03  1.84480927e-02]
 [ 2.17426709e+00 -2.88335677e-01 -3.19292663e-02 ... -1.54806163e-02
   9.47971589e-03  2.76781349e-02]
 ...
 [ 2.42485064e+00 -3.06886670e-01 -5.55023097e-01 ...  7.99059196e-02
  -2.56933708e-02  1.08257894e-01]
 [ 2.37080730e+00 -2.78281416e-01 -5.41374363e-01 ...  1.18705419e-01
  -2.37544271e-02  8.32133359e-02]
 [ 2.16546895e+00 -4.17780470e-01 -4.62344100e-01 ...  2.93501250e-02
  -8.01204075e-02  5.40947942e-02]]","(98, 13)"
./Sample-kelapa/data/cut_sample/matang/wav/mtg11b.wav,mtg11b.wav,mature,"[[ 2.08543327e+00 -3.48263053e-01 -2.70085475e-02 ...  2.00347520e-02
   1.32613608e-02  2.92677139e-03]
 [ 2.07239308e+00 -3.36073351e-01 -1.78916419e-02 ... -1.18214139e-02
   8.81587203e-03  1.14898214e-02]
 [ 2.07475240e+00 -3.36499091e-01 -8.42009351e-03 ...  1.36174102e-04
  -4.02253681e-03  1.03371758e-02]
 ...
 [ 1.77339196e+00 -5.19252443e-01 -1.40483722e-01 ...  1.12683486e-01
  -7.33943476e-02  5.40362496e-02]
 [ 1.25777716e+00 -8.33497046e-02 -1.19374945e-02 ... -9.13351588e-04
  -2.34072303e-03  1.54748787e-02]
 [ 1.24733388e+00 -1.00796751e-01 -2.13744774e-02 ...  3.97747599e-03
  -7.49910189e-03  3.82645808e-03]]","(98, 13)"
./Sample-kelapa/data/cut_sample/matang/wav/mtg11c.wav,mtg11c.wav,mature,"[[ 2.17030735e+00 -2.99511133e-01 -3.83391940e-02 ... -2.17312855e-02
   1.11563848e-02 -6.11385180e-03]
 [ 2.17139958e+00 -3.11329884e-01 -3.72250179e-02 ... -1.67766748e-04
   1.61341987e-02 -1.52362493e-03]
 [ 2.18296281e+00 -2.92093601e-01 -3.57487813e-02 ... -3.21823073e-02
   1.77624283e-02  9.03217328e-04]
 ...
 [ 3.04449183e+00 -3.92230389e-01  1.59495922e-01 ... -1.62744402e-03
   4.57297217e-02  1.95806905e-02]
 [ 2.94988778e+00 -5.96379186e-01  7.96302162e-02 ... -5.55604789e-02
  -1.08616266e-02 -3.58067000e-02]
 [ 2.27667532e+00 -9.90139913e-01  1.03561452e-01 ...  9.08042175e-03
   1.68337093e-02  1.91222598e-02]]","(98, 13)"
./Sample-kelapa/data/cut_sample/matang/wav/mtg12c.wav,mtg12c.wav,mature,"[[ 2.19006599 -0.38771651  0.01136788 ... -0.0088156   0.02248754
   0.04489518]
 [ 2.12304016 -0.3952193   0.00712593 ...  0.00277834  0.02804366
   0.02650757]
 [ 2.13190912 -0.38202808  0.00653743 ...  0.02162953  0.05887692
   0.02389391]
 ...
 [ 2.42348731 -0.35459089 -0.5128367  ...  0.0695262  -0.01652369
   0.12522499]
 [ 2.42334337 -0.38531349 -0.50084112 ...  0.08211073  0.00376554
   0.11450439]
 [ 1.85642713 -0.3749096  -0.58453108 ... -0.04931813  0.05517312
  -0.00632364]]","(98, 13)"
./Sample-kelapa/data/cut_sample/matang/wav/mtg13a.wav,mtg13a.wav,mature,"[[ 2.48132845e+00 -5.35641247e-01 -6.59678228e-02 ...  7.62389775e-03
  -5.87084343e-04  1.11632599e-02]
 [ 2.40990633e+00 -5.04482897e-01 -5.78635082e-02 ... -1.18361149e-02
   1.45906822e-03  9.71514810e-03]
 [ 2.40737504e+00 -4.62565486e-01 -2.63199576e-02 ...  4.24037671e-02
  -6.36668263e-03  7.92492970e-03]
 ...
 [ 3.19698481e+00 -3.55326013e-01  1.07344353e-01 ... -1.47614939e-02
  -3.53683311e-02  1.45566973e-02]
 [ 3.10856227e+00 -2.80633095e-01  3.36499900e-02 ...  1.46110472e-03
  -3.32901180e-02  5.36330658e-03]
 [ 2.65495943e+00 -3.66021262e-01 -1.61788353e-01 ... -1.36619278e-02
  -5.49997689e-02  1.11628318e-03]]","(98, 13)"
./Sample-kelapa/data/cut_sample/matang/wav/mtg13b.wav,mtg13b.wav,mature,"[[ 2.44113720e+00 -4.06566261e-01 -2.39556301e-01 ... -3.47238912e-03
   5.37028107e-02 -2.16710877e-02]
 [ 2.44897533e+00 -4.35440178e-01 -1.98939041e-01 ... -5.88611812e-04
   3.50769852e-02 -5.41951250e-03]
 [ 2.35077458e+00 -4.46863446e-01 -1.99916229e-01 ... -1.14238840e-03
   3.37246032e-02 -3.31772262e-02]
 ...
 [ 2.19585184e+00  5.96436500e-01 -1.07398579e-01 ... -4.45069855e-02
   5.13129496e-02 -5.44383540e-03]
 [ 1.72130787e+00  4.71572471e-01  3.52525119e-01 ...  3.50190206e-02
  -2.02196272e-02 -7.16575622e-02]
 [ 1.71619119e+00  4.94030906e-01  3.55187205e-01 ...  1.79984604e-02
  -4.31023501e-02 -6.00740922e-02]]","(98, 13)"
./Sample-kelapa/data/cut_sample/matang/wav/mtg13c.wav,mtg13c.wav,mature,"[[ 2.02633203e+00 -3.51239720e-01  2.31359349e-02 ... -1.96540611e-02
   1.70805200e-02  3.23597885e-03]
 [ 2.03732173e+00 -3.22363751e-01  3.96207745e-02 ... -3.94142660e-03
   7.53637483e-04  4.15759187e-03]
 [ 2.02992058e+00 -3.11727092e-01  2.81616707e-02 ...  8.25478723e-03
   1.22179741e-02 -4.80655035e-03]
 ...
 [ 1.72578245e+00  4.35960574e-01  7.20457935e-02 ...  2.66277066e-02
   4.02265486e-02 -2.72099748e-02]
 [ 1.74771813e+00  4.62810908e-01  9.37485973e-02 ...  7.16681876e-03
   1.31774270e-02 -4.02500774e-02]
 [ 1.65626360e+00  3.83261990e-01  1.22723297e-01 ... -5.32723103e-02
   7.95377637e-03  4.29612802e-02]]","(98, 13)"
./Sample-kelapa/data/cut_sample/matang/wav/mtg14a.wav,mtg14a.wav,mature,"[[ 2.43464722e+00 -5.01010051e-01  1.56948664e-02 ... -2.92980000e-02
   1.98895595e-02 -1.78299096e-02]
 [ 2.43213683e+00 -4.89058551e-01  6.52076954e-02 ... -2.54196720e-02
  -1.14556448e-02 -1.46697018e-02]
 [ 2.45812301e+00 -5.42122607e-01  4.70567287e-02 ...  3.12388841e-03
   1.08039133e-02  1.56789847e-02]
 ...
 [ 2.48547214e+00 -8.56405142e-02 -2.30276948e-01 ... -2.17862353e-02
   1.86263633e-04  4.58209464e-02]
 [ 2.49943946e+00 -7.89219314e-02 -1.92052803e-01 ... -4.49362102e-02
  -2.43924902e-02  6.24206028e-02]
 [ 2.39111703e+00 -1.78256292e-01 -2.57361371e-01 ... -6.41801375e-02
  -5.22851149e-02  1.47361288e-02]]","(98, 13)"
./Sample-kelapa/data/cut_sample/matang/wav/mtg14b.wav,mtg14b.wav,mature,"[[ 2.19095379 -0.383324   -0.05818642 ...  0.01161977  0.01302396
   0.02390069]
 [ 2.16491183 -0.39396112 -0.02507779 ... -0.00288119  0.01422478
   0.01963244]
 [ 2.17205151 -0.40808937 -0.06352611 ...  0.00934476  0.03395735
   0.00909749]
 ...
 [ 1.98069976 -0.01389905 -0.40611824 ...  0.09086998 -0.01565513
   0.0132153 ]
 [ 1.9056778   0.05368191 -0.31076014 ...  0.06478021  0.03860137
  -0.02239003]
 [ 1.95593547  0.08052926 -0.37525413 ...  0.05138491  0.0271094
  -0.02006701]]","(98, 13)"
./Sample-kelapa/data/cut_sample/matang/wav/mtg14c.wav,mtg14c.wav,mature,"[[ 2.20234905 -0.29635278 -0.0233379  ...  0.03377156  0.01962072
  -0.00600915]
 [ 2.1892168  -0.29052097  0.00418842 ...  0.04586573  0.03045396
   0.00555941]
 [ 2.19271276 -0.28006714 -0.02315132 ...  0.02870678  0.02614607
   0.00805198]
 ...
 [ 2.75563645 -0.66126426 -0.31265547 ...  0.03483892  0.03434984
   0.03294831]
 [ 2.69270674 -0.63936542 -0.16576655 ...  0.04160596  0.05284185
   0.06933959]
 [ 2.61674646 -0.54031066 -0.32849177 ... -0.00848374  0.03888932
   0.07616941]]","(98, 13)"
./Sample-kelapa/data/cut_sample/matang/wav/mtg15a.wav,mtg15a.wav,mature,"[[ 2.07684515 -0.3785456   0.04979433 ...  0.0050658   0.02708291
  -0.00573995]
 [ 2.05302651 -0.37072283  0.02555324 ...  0.04029804  0.03093076
  -0.00972165]
 [ 2.05961482 -0.32879367  0.02239147 ...  0.02098469  0.03638011
  -0.00347303]
 ...
 [ 1.68116335  0.08926842 -0.29319947 ...  0.0217377  -0.05662656
  -0.01968983]
 [ 1.29322207 -0.10717615 -0.03493626 ... -0.01587698 -0.00380705
   0.0079227 ]
 [ 1.28845828 -0.10777328 -0.04974991 ... -0.01714919  0.00318759
   0.01644083]]","(98, 13)"
./Sample-kelapa/data/cut_sample/matang/wav/mtg16a.wav,mtg16a.wav,mature,"[[ 2.13237666e+00 -3.97101104e-01 -4.08771813e-02 ... -1.42950104e-02
  -2.21552072e-02  3.57994928e-02]
 [ 2.13022449e+00 -4.08460317e-01 -3.03085150e-02 ...  7.70700032e-04
   1.18581558e-03  3.75994577e-02]
 [ 2.16664795e+00 -4.07288310e-01 -4.07095192e-02 ... -3.24933621e-02
  -2.03539210e-02  5.85313669e-02]
 ...
 [ 2.67745375e+00 -1.21736566e+00 -1.34159516e-01 ... -5.82244222e-02
   1.58038928e-02 -2.35825777e-02]
 [ 2.75798827e+00 -1.25474588e+00 -1.38534732e-01 ... -4.53831556e-02
  -7.65309999e-03  1.72395883e-02]
 [ 2.79199969e+00 -1.25414085e+00 -1.56470065e-01 ... -2.34858466e-02
  -3.91829888e-02  4.02422106e-02]]","(98, 13)"
./Sample-kelapa/data/cut_sample/matang/wav/mtg16b.wav,mtg16b.wav,mature,"[[ 2.31711367e+00 -4.73902497e-01 -1.42150992e-01 ... -1.04455758e-03
  -3.06170333e-02  2.74021687e-02]
 [ 2.30824431e+00 -4.70346088e-01 -1.10002777e-01 ...  7.60554761e-03
   6.01735912e-04  3.25405709e-02]
 [ 2.38334300e+00 -4.98980771e-01 -1.59415596e-01 ... -2.55850477e-03
  -7.89348003e-03  5.16200576e-02]
 ...
 [ 2.75516254e+00 -6.28670652e-01  8.61989402e-02 ...  8.02179780e-04
  -1.16232369e-02 -5.55505816e-02]
 [ 2.47125820e+00 -3.97636292e-01  8.00786584e-02 ... -5.97668289e-02
  -2.39383847e-02 -1.12086994e-03]
 [ 2.13330671e+00 -2.70819691e-01  3.62053063e-01 ... -8.34443673e-02
   1.53096242e-02 -3.69279667e-02]]","(98, 13)"
./Sample-kelapa/data/cut_sample/matang/wav/mtg16c.wav,mtg16c.wav,mature,"[[ 2.07169095e+00 -3.28866604e-01 -1.16299640e-02 ...  2.95591611e-02
   4.90602631e-02  3.55388072e-03]
 [ 2.04534113e+00 -3.32474487e-01  1.86591179e-02 ...  1.07062711e-02
   1.34096320e-02  2.14274304e-02]
 [ 2.03126617e+00 -3.37413628e-01  4.96113490e-03 ...  1.57085384e-02
   1.73844397e-02  3.70993850e-02]
 ...
 [ 2.14092744e+00  5.08669660e-01 -4.74137646e-02 ...  3.88797289e-02
   3.94513215e-02 -3.36437849e-02]
 [ 1.72368543e+00  3.26012841e-01  1.26948906e-01 ... -7.79660707e-02
   1.01409220e-02  1.74287811e-02]
 [ 1.30195902e+00 -8.67623221e-02  9.73275641e-03 ...  2.92486365e-03
   4.40013395e-03 -3.90474765e-04]]","(98, 13)"
./Sample-kelapa/data/cut_sample/matang/wav/mtg17a.wav,mtg17a.wav,mature,"[[ 2.08420395e+00 -3.15136016e-01 -1.97050203e-02 ... -6.63318210e-03
  -5.24318319e-03 -5.30213220e-03]
 [ 2.07795843e+00 -2.99624108e-01 -1.97349756e-02 ... -1.66506301e-03
   1.33172972e-02  1.61112038e-02]
 [ 2.05932880e+00 -3.25218098e-01 -3.93935540e-05 ... -2.96227423e-02
   6.83501865e-03  2.23906229e-02]
 ...
 [ 1.80745361e+00 -5.28154844e-01 -3.89836463e-01 ...  3.07901634e-02
  -3.21930953e-02  5.52712309e-02]
 [ 1.77729814e+00 -5.42803510e-01 -4.15336061e-01 ...  4.01980549e-02
  -1.99081039e-02  5.59080209e-02]
 [ 1.80772295e+00 -5.66602085e-01 -4.33771279e-01 ...  5.12797559e-02
  -2.24792682e-02  3.02530268e-02]]","(98, 13)"
./Sample-kelapa/data/cut_sample/matang/wav/mtg17b.wav,mtg17b.wav,mature,"[[ 2.10094390e+00 -4.00683702e-01  3.75502459e-03 ...  1.18169890e-02
  -1.43784144e-02  1.31657116e-03]
 [ 2.18897480e+00 -4.18855171e-01  1.12238699e-02 ...  3.38360630e-02
  -5.41303280e-04  3.30854483e-03]
 [ 2.17945717e+00 -4.62432177e-01  7.41923848e-03 ...  4.21063040e-02
  -1.05670721e-03 -1.63974487e-02]
 ...
 [ 2.83811358e+00 -1.04774570e+00 -3.84419037e-01 ...  2.84157214e-02
  -1.20965571e-01 -7.30966841e-03]
 [ 2.91380661e+00 -1.07468277e+00 -4.12855778e-01 ...  2.41351157e-02
  -1.24240172e-01  2.12028331e-02]
 [ 2.64178290e+00 -1.23307722e+00 -1.71264112e-01 ...  5.65401488e-02
  -6.99744267e-02  3.45736398e-02]]","(98, 13)"
./Sample-kelapa/data/cut_sample/matang/wav/mtg17c.wav,mtg17c.wav,mature,"[[ 2.16436437e+00 -3.16110137e-01 -5.12572092e-02 ...  2.63133987e-02
   8.84564411e-04  3.51319121e-02]
 [ 2.16902449e+00 -3.43114841e-01 -9.07580024e-02 ...  2.24030680e-02
  -2.11510168e-02  2.48754308e-02]
 [ 2.18738025e+00 -3.60973098e-01 -1.03499793e-01 ...  2.15623753e-02
  -4.42708001e-03  2.89842775e-02]
 ...
 [ 2.22390969e+00 -1.15210061e+00  8.47788026e-02 ...  2.89755375e-02
   3.69178140e-02 -8.25392228e-02]
 [ 2.16305554e+00 -1.12282143e+00  9.84731081e-02 ...  6.97583555e-02
   3.19213850e-02 -5.51004683e-02]
 [ 1.87122859e+00 -8.89528275e-01  7.74724177e-02 ...  8.46530112e-03
  -3.53764165e-02 -7.04031814e-03]]","(98, 13)"
./Sample-kelapa/data/cut_sample/matang/wav/mtg18a.wav,mtg18a.wav,mature,"[[ 2.23624060e+00 -4.25797756e-01  5.82874296e-02 ...  1.61440274e-02
  -7.92963593e-03  5.98503815e-03]
 [ 2.35901679e+00 -2.99174968e-01  2.18967935e-02 ...  2.55920791e-02
  -1.06883946e-02  1.64756802e-03]
 [ 2.35048001e+00 -2.86431618e-01  2.26227070e-02 ...  4.02795097e-02
  -3.56706528e-03 -1.05263549e-03]
 ...
 [ 2.66097716e+00 -7.82971061e-01 -2.71307938e-01 ...  2.53452133e-02
  -1.64133693e-02 -7.12248516e-02]
 [ 2.01757806e+00 -8.01553697e-01 -5.94049680e-02 ...  8.42342713e-02
   3.58330201e-02 -7.10056800e-02]
 [ 1.49561162e+00 -3.42233400e-01  4.58326708e-03 ...  2.25546568e-02
   1.27950923e-03 -1.41945159e-02]]","(98, 13)"
./Sample-kelapa/data/cut_sample/matang/wav/mtg18b.wav,mtg18b.wav,mature,"[[ 2.21364484e+00 -3.90876195e-01  2.62265912e-02 ...  1.13280780e-02
   1.41282019e-02 -2.42389780e-02]
 [ 2.21118607e+00 -3.54156328e-01  3.38522931e-02 ...  2.37265753e-02
   2.17932250e-02 -1.43973489e-02]
 [ 2.20329350e+00 -3.57869016e-01  3.15003620e-02 ...  3.62493842e-02
   1.10178465e-02 -1.69637454e-02]
 ...
 [ 1.95092039e+00  3.40859588e-01  1.61431585e-01 ... -1.33255806e-01
  -2.86340859e-02  2.58271669e-02]
 [ 1.34790189e+00 -2.54073661e-01 -3.24474891e-03 ... -1.43594567e-02
  -5.76910583e-04  1.08704585e-02]
 [ 1.37506186e+00 -2.11147314e-01 -5.00255259e-03 ... -1.25853117e-02
  -1.32978261e-02  3.59755637e-03]]","(98, 13)"
./Sample-kelapa/data/cut_sample/matang/wav/mtg18c.wav,mtg18c.wav,mature,"[[ 2.18742096 -0.40294889 -0.11591511 ...  0.00224869  0.03223123
   0.04325044]
 [ 2.17458925 -0.40489913 -0.09110132 ... -0.01984768 -0.00267126
   0.02312417]
 [ 2.12222187 -0.37395212 -0.01224309 ... -0.01151889  0.01339551
   0.03630618]
 ...
 [ 2.06282288  0.58109458  0.25393159 ... -0.07810137 -0.05560497
   0.03124818]
 [ 1.90332782  0.41226343  0.25388676 ...  0.04039937 -0.03407631
  -0.05999064]
 [ 1.42347465 -0.16504865 -0.08442385 ... -0.01042339  0.00483919
   0.01986442]]","(98, 13)"
./Sample-kelapa/data/cut_sample/matang/wav/mtg19a.wav,mtg19a.wav,mature,"[[ 2.03498796e+00 -2.89990727e-01  4.23695821e-02 ...  9.87586432e-03
   7.63389230e-03  1.38474074e-02]
 [ 2.02584121e+00 -3.16447031e-01  7.84487719e-03 ... -2.03063502e-04
   2.23615371e-02  3.11368360e-03]
 [ 1.97914354e+00 -3.21059085e-01  5.71833096e-03 ...  3.24402720e-02
   4.41515325e-03 -1.53304269e-02]
 ...
 [ 2.34923680e+00  6.33456420e-01 -1.91239475e-01 ...  1.64704813e-02
   1.27739218e-02 -2.31115913e-02]
 [ 2.23933389e+00  6.63946617e-01 -1.01549732e-01 ... -8.14705679e-02
   5.92953541e-03  1.77381842e-02]
 [ 1.33488733e+00 -6.22955952e-02 -2.39665527e-02 ...  6.30178145e-03
   4.06648616e-03  2.29418914e-02]]","(98, 13)"
./Sample-kelapa/data/cut_sample/matang/wav/mtg19b.wav,mtg19b.wav,mature,"[[ 2.39762412e+00 -6.77498323e-01  1.51050910e-01 ... -2.43198475e-02
   1.38473772e-02  6.82302352e-03]
 [ 2.31321327e+00 -5.96035978e-01  1.38705538e-01 ... -3.23002856e-02
  -7.64812240e-03 -1.67857945e-02]
 [ 2.30411749e+00 -5.63637762e-01  1.44272835e-01 ...  5.91587613e-03
   3.66178883e-02 -1.10989573e-02]
 ...
 [ 1.75367773e+00  3.18997003e-01  3.80225243e-01 ...  8.27129358e-03
  -4.32147306e-02 -7.60564436e-02]
 [ 1.30454884e+00 -1.84587083e-01  3.79770582e-02 ... -2.21831377e-04
   2.26359581e-02  1.96582257e-03]
 [ 1.28420152e+00 -1.59074767e-01  3.39087242e-02 ... -2.03212096e-03
   2.15725577e-02  3.00398094e-03]]","(98, 13)"
./Sample-kelapa/data/cut_sample/matang/wav/mtg19c.wav,mtg19c.wav,mature,"[[ 2.05007110e+00 -3.35083490e-01  6.12476959e-02 ... -1.70714702e-02
  -5.78907474e-03  2.99373570e-03]
 [ 2.09130384e+00 -3.19372065e-01  5.83036833e-02 ...  6.98186030e-03
   1.69331767e-02  5.15820211e-03]
 [ 2.08187792e+00 -3.96618068e-01  3.85450065e-02 ...  8.32108936e-03
   1.46580601e-02  1.93947767e-02]
 ...
 [ 1.85023405e+00  4.14583464e-01  1.40865591e-01 ... -1.32232591e-01
  -5.25917173e-04 -8.56691931e-03]
 [ 1.28736164e+00 -1.41402412e-01 -3.14749419e-02 ... -7.20962626e-03
   3.84870006e-02 -5.38120761e-03]
 [ 1.26944809e+00 -1.18772032e-01 -2.38029358e-02 ... -1.19746885e-02
   2.92903875e-02 -1.73265464e-02]]","(98, 13)"
./Sample-kelapa/data/cut_sample/matang/wav/mtg1a.wav,mtg1a.wav,mature,"[[ 2.20937940e+00 -3.37001180e-01 -4.25792886e-03 ... -3.33272525e-02
  -2.27156680e-02  9.92035714e-03]
 [ 2.18843703e+00 -3.59149783e-01 -2.84080975e-02 ... -4.68378867e-02
  -2.04975105e-02  1.25421592e-02]
 [ 2.13285912e+00 -3.86792904e-01 -3.75015253e-02 ... -1.86700613e-02
  -1.92704056e-03  6.43411328e-03]
 ...
 [ 2.11415478e+00 -6.86586221e-02 -2.48579161e-01 ... -1.35349973e-02
  -3.29528590e-02 -4.69315949e-03]
 [ 2.11207692e+00  5.72724799e-03 -2.17883450e-01 ... -7.32108107e-04
  -1.95446038e-02  1.54790740e-02]
 [ 2.06834688e+00  2.61820861e-02 -2.29372316e-01 ... -3.42163485e-02
  -2.43815401e-02  5.30403120e-02]]","(98, 13)"
./Sample-kelapa/data/cut_sample/matang/wav/mtg1b.wav,mtg1b.wav,mature,"[[ 2.20937940e+00 -3.37001180e-01 -4.25792886e-03 ... -3.33272525e-02
  -2.27156680e-02  9.92035714e-03]
 [ 2.18843703e+00 -3.59149783e-01 -2.84080975e-02 ... -4.68378867e-02
  -2.04975105e-02  1.25421592e-02]
 [ 2.13285912e+00 -3.86792904e-01 -3.75015253e-02 ... -1.86700613e-02
  -1.92704056e-03  6.43411328e-03]
 ...
 [ 2.11415478e+00 -6.86586221e-02 -2.48579161e-01 ... -1.35349973e-02
  -3.29528590e-02 -4.69315949e-03]
 [ 2.11207692e+00  5.72724799e-03 -2.17883450e-01 ... -7.32108107e-04
  -1.95446038e-02  1.54790740e-02]
 [ 2.06834688e+00  2.61820861e-02 -2.29372316e-01 ... -3.42163485e-02
  -2.43815401e-02  5.30403120e-02]]","(98, 13)"
./Sample-kelapa/data/cut_sample/matang/wav/mtg1c.wav,mtg1c.wav,mature,"[[ 2.16182007 -0.32784507 -0.07038142 ... -0.02992948  0.02816622
   0.01976327]
 [ 2.15128793 -0.37042344 -0.11793906 ... -0.01929477  0.04054127
   0.02342588]
 [ 2.15210631 -0.35904548 -0.06774954 ... -0.02640596  0.03135197
   0.03561106]
 ...
 [ 2.86168102 -0.34800062 -0.07875837 ... -0.28564109 -0.020056
  -0.06252678]
 [ 2.33347217 -0.94729146 -0.25579279 ... -0.08092592  0.05872814
  -0.09428024]
 [ 2.26695705 -0.93830627 -0.16663411 ... -0.14817301  0.08544527
  -0.02552257]]","(98, 13)"
./Sample-kelapa/data/cut_sample/matang/wav/mtg20a.wav,mtg20a.wav,mature,"[[ 2.20513749e+00 -3.29186286e-01  2.13004832e-02 ... -5.19029139e-03
   2.12076843e-02  5.61736509e-04]
 [ 2.20356458e+00 -3.60223826e-01 -2.50371962e-02 ... -4.49302801e-03
   1.98449662e-02  1.30521542e-02]
 [ 2.17434833e+00 -3.90189996e-01  1.19405912e-02 ...  8.94846231e-03
   8.58208330e-03 -3.27276796e-03]
 ...
 [ 2.91128215e+00 -5.20129193e-01 -8.35556167e-02 ... -4.01831973e-02
   3.77194674e-02 -6.38415788e-05]
 [ 2.84921403e+00 -4.34680645e-01 -3.78509742e-02 ... -5.62770078e-02
   1.60518308e-02 -2.69859532e-02]
 [ 2.81214108e+00 -3.83201109e-01 -1.57519283e-02 ... -6.66398825e-02
   3.21567945e-02 -2.53937708e-02]]","(98, 13)"
./Sample-kelapa/data/cut_sample/matang/wav/mtg2a.wav,mtg2a.wav,mature,"[[ 2.30636714 -0.41117903 -0.13448816 ... -0.00380192  0.03958942
  -0.01158338]
 [ 2.31372266 -0.41505205 -0.1349678  ... -0.02526399  0.05178864
  -0.007481  ]
 [ 2.272525   -0.39855922 -0.11416907 ... -0.01288464  0.04674994
  -0.00592717]
 ...
 [ 2.1258365   0.27369947 -0.05141837 ...  0.02307887 -0.04721893
  -0.01979343]
 [ 1.80566729  0.32862295  0.26422873 ...  0.01137334 -0.02292562
  -0.03856136]
 [ 1.79461845  0.35996726  0.30793901 ... -0.01092824 -0.04229739
  -0.05069676]]","(98, 13)"
./Sample-kelapa/data/cut_sample/matang/wav/mtg2b.wav,mtg2b.wav,mature,"[[ 2.31413240e+00 -5.45840776e-01 -8.10372212e-02 ...  1.26830776e-03
   8.24924589e-04  4.06288317e-02]
 [ 2.28601521e+00 -5.13807901e-01 -8.35555916e-02 ... -1.65125758e-02
   6.44539725e-03  3.21795518e-02]
 [ 2.31963641e+00 -5.20743308e-01 -9.01399247e-02 ... -3.09083989e-02
  -4.43304737e-03  2.66598161e-02]
 ...
 [ 1.99398961e+00 -5.08130669e-01 -5.21375918e-01 ...  5.18343808e-02
  -6.07656164e-02  1.63060414e-02]
 [ 1.94062398e+00 -4.51249576e-01 -5.20528100e-01 ...  6.06159463e-02
  -1.32254087e-02 -1.41056383e-02]
 [ 1.76429507e+00 -4.62039581e-01 -3.18528302e-01 ...  3.46033698e-02
   3.86404398e-02  1.39869058e-02]]","(98, 13)"
./Sample-kelapa/data/cut_sample/matang/wav/mtg2c.wav,mtg2c.wav,mature,"[[ 2.02990699 -0.3119775  -0.0352021  ... -0.01083826  0.02955894
   0.03490842]
 [ 2.05625994 -0.31834461 -0.04950552 ...  0.00291153  0.03694361
   0.02266025]
 [ 2.05299116 -0.32679042 -0.03526681 ... -0.00947166  0.02519599
   0.03319117]
 ...
 [ 1.74633641 -0.19992203 -0.45104196 ...  0.0141125   0.04151994
   0.00807649]
 [ 1.70593395 -0.19171559 -0.42985863 ...  0.03294242  0.01854554
  -0.01051811]
 [ 1.70703009 -0.15885064 -0.41371826 ...  0.01600555  0.02651299
  -0.0055337 ]]","(98, 13)"
./Sample-kelapa/data/cut_sample/matang/wav/mtg3a.wav,mtg3a.wav,mature,"[[ 2.05205312e+00 -3.32290124e-01  4.14050004e-02 ... -1.64710520e-02
  -1.61399461e-02  1.55324413e-02]
 [ 2.05521961e+00 -3.54725526e-01  2.84480746e-02 ...  2.35691177e-03
  -2.81979104e-03  1.23104496e-02]
 [ 2.07315680e+00 -3.32051062e-01  2.99210549e-02 ... -2.37023746e-02
  -9.22918125e-03  2.97871661e-02]
 ...
 [ 1.64348370e+00  1.38190708e-01 -2.90125066e-01 ...  2.77847977e-02
  -6.48290274e-02  1.00473232e-03]
 [ 1.61845835e+00  1.64126224e-01 -2.88316481e-01 ...  2.72349218e-02
  -2.66328045e-02  2.84599791e-02]
 [ 1.58369927e+00  1.79905686e-01 -2.89050694e-01 ...  4.56131498e-02
  -1.65264022e-02  2.06767793e-02]]","(98, 13)"
./Sample-kelapa/data/cut_sample/matang/wav/mtg3b.wav,mtg3b.wav,mature,"[[ 2.05534575 -0.33574662  0.05854902 ...  0.00410764  0.00437142
   0.01972076]
 [ 2.03878115 -0.31679979  0.04108777 ...  0.00624498 -0.00271936
   0.01369587]
 [ 1.99524136 -0.33250834  0.06871137 ... -0.0146055   0.01910269
   0.03028652]
 ...
 [ 1.8876357   0.50351589  0.06076494 ...  0.01456606 -0.01543977
   0.05218926]
 [ 1.71598686  0.4894195   0.28704899 ... -0.04584    -0.03697358
   0.02939015]
 [ 1.70079816  0.50483108  0.29062916 ... -0.03714493 -0.03106606
   0.03141637]]","(98, 13)"
./Sample-kelapa/data/cut_sample/matang/wav/mtg3c.wav,mtg3c.wav,mature,"[[ 2.05729576e+00 -3.43088770e-01  1.54030366e-02 ... -1.49922698e-02
  -6.12295094e-03  5.39968200e-03]
 [ 2.03599681e+00 -3.44155653e-01  3.71349812e-03 ... -1.03680542e-02
   1.31435493e-02  3.67630250e-03]
 [ 2.05114679e+00 -3.26023102e-01  2.13023978e-02 ... -1.74408706e-03
   2.76566615e-02 -3.33236502e-03]
 ...
 [ 2.02091387e+00  3.42188255e-02 -6.19871802e-01 ...  1.36606490e-01
  -2.30328266e-02  1.85892355e-02]
 [ 1.30478807e+00 -1.57584127e-01 -5.05069035e-02 ...  1.00876201e-02
  -2.81066650e-05  6.32787793e-03]
 [ 1.28401895e+00 -1.44313096e-01 -6.76869696e-02 ... -3.80064667e-03
   3.90795956e-03  1.53289738e-02]]","(98, 13)"
./Sample-kelapa/data/cut_sample/matang/wav/mtg4a.wav,mtg4a.wav,mature,"[[ 2.23714191e+00 -4.87198856e-01 -4.63067576e-02 ...  3.22945819e-02
   2.16885877e-02  2.30646091e-02]
 [ 2.24382387e+00 -4.72823877e-01 -7.22907511e-02 ... -7.12583999e-04
   3.46260277e-03  2.38263987e-03]
 [ 2.27438694e+00 -5.00779037e-01 -6.81512040e-02 ...  3.90479709e-02
   6.07085849e-03 -3.76072151e-04]
 ...
 [ 1.25033977e+00 -1.76591928e-01  3.54451695e-02 ...  4.58231670e-03
   7.85198168e-03  8.23128185e-03]
 [ 1.23088212e+00 -1.80888597e-01  3.91622447e-02 ... -3.63061951e-03
   1.20884573e-02  9.98853326e-03]
 [ 1.20599692e+00 -1.88182416e-01  1.85873192e-02 ... -3.28667518e-03
   2.84157121e-03  1.46359297e-02]]","(98, 13)"
./Sample-kelapa/data/cut_sample/matang/wav/mtg4b.wav,mtg4b.wav,mature,"[[ 2.23105428e+00 -4.87881679e-01 -7.69466419e-02 ...  1.55693423e-02
   1.78756087e-02  1.13383005e-02]
 [ 2.27776001e+00 -5.06372271e-01 -7.44944171e-02 ...  3.98567552e-02
   5.76623561e-03 -2.87016765e-04]
 [ 2.30206455e+00 -5.27630401e-01 -1.16138968e-01 ...  4.30832953e-02
   3.75713047e-03 -9.04234637e-03]
 ...
 [ 1.23819564e+00 -1.71261667e-01  3.30238016e-02 ... -5.29256335e-03
   9.45870640e-03  1.12638353e-02]
 [ 1.23757265e+00 -1.86695316e-01 -4.63755598e-03 ... -2.57929029e-03
  -3.28198505e-03  1.62176486e-02]
 [ 1.23767314e+00 -1.81971996e-01 -1.72729221e-02 ...  2.24245317e-03
   4.03403994e-03  8.51277133e-03]]","(98, 13)"
./Sample-kelapa/data/cut_sample/matang/wav/mtg4c.wav,mtg4c.wav,mature,"[[ 2.07115804e+00 -3.55962599e-01  2.66668642e-02 ...  2.27926107e-02
  -3.83862661e-03 -1.56303350e-02]
 [ 2.08379227e+00 -3.51677795e-01  1.73872326e-02 ...  2.55103965e-02
  -1.54970398e-02 -3.34835722e-02]
 [ 2.09346935e+00 -3.64425523e-01  5.59808257e-03 ...  1.42211106e-02
  -1.49053013e-02 -1.56840483e-03]
 ...
 [ 3.23513346e+00 -2.72366879e-01 -3.86672084e-02 ...  2.67443567e-02
  -9.32642027e-04  8.13979524e-02]
 [ 3.19961795e+00 -1.83878629e-01 -1.08846784e-01 ...  1.97342292e-02
  -4.09390053e-04  6.57190722e-02]
 [ 2.24850522e+00 -8.22388741e-01 -4.93728150e-02 ... -2.08053067e-02
  -3.71426872e-02  2.55318845e-02]]","(98, 13)"
./Sample-kelapa/data/cut_sample/matang/wav/mtg5a.wav,mtg5a.wav,mature,"[[ 2.13474478e+00 -3.68554423e-01 -3.09968193e-02 ... -1.33012062e-02
   8.72750084e-03  3.93097186e-02]
 [ 2.13342239e+00 -3.32568030e-01 -3.06988754e-02 ...  8.04064491e-03
  -1.20786217e-02  8.02263927e-03]
 [ 2.13777235e+00 -3.34775163e-01 -4.26474155e-02 ...  1.02038086e-02
  -1.06996709e-02  7.25109964e-03]
 ...
 [ 2.76176237e+00 -1.30367369e-02 -1.76432632e-01 ... -9.74804099e-02
   2.63865458e-02 -2.75317977e-02]
 [ 2.49194358e+00  3.11092415e-01 -1.44169032e-01 ... -4.37922649e-02
  -5.05457884e-02 -1.95829443e-03]
 [ 2.03513274e+00  3.01656656e-02 -3.66210216e-01 ...  3.19047377e-02
  -4.75068955e-02  1.09464609e-02]]","(98, 13)"
./Sample-kelapa/data/cut_sample/matang/wav/mtg5b.wav,mtg5b.wav,mature,"[[ 2.39198733 -0.45204985 -0.03453873 ... -0.04310822  0.02594856
  -0.00842506]
 [ 2.34640872 -0.48178763 -0.10737922 ... -0.03586209  0.00725894
  -0.00504713]
 [ 2.37925733 -0.45956085 -0.12206756 ... -0.03753892  0.02612749
   0.03593392]
 ...
 [ 2.75485411  0.06534046 -0.00673959 ... -0.01332155 -0.02294702
   0.02547895]
 [ 2.605326    0.07341764  0.11087225 ... -0.08335445 -0.08758948
   0.05406705]
 [ 1.78665636 -0.53667778  0.10601827 ... -0.06709944  0.0149359
  -0.01816571]]","(98, 13)"
./Sample-kelapa/data/cut_sample/matang/wav/mtg5c.wav,mtg5c.wav,mature,"[[ 2.09643663e+00 -3.50031193e-01  1.19119184e-02 ...  3.07911184e-02
  -6.15927155e-03 -1.79976660e-02]
 [ 2.07339587e+00 -3.91117077e-01  6.61144345e-03 ... -7.31683146e-04
  -1.93675884e-02 -5.35482452e-03]
 [ 2.06738901e+00 -3.83138017e-01  1.55969813e-02 ...  3.89720525e-02
   1.65740945e-03  3.85350021e-03]
 ...
 [ 3.19585840e+00 -2.02446972e-01 -2.32315062e-01 ...  1.32070429e-02
  -1.23295658e-02  6.87012201e-02]
 [ 2.84249505e+00 -3.74366868e-01 -3.30998350e-01 ...  1.27680134e-02
   6.73704336e-03 -4.46429543e-02]
 [ 2.19898219e+00 -7.48808139e-01 -1.22298463e-01 ... -1.85478341e-02
  -5.18389974e-02  8.15262225e-03]]","(98, 13)"
./Sample-kelapa/data/cut_sample/matang/wav/mtg8a.wav,mtg8a.wav,mature,"[[ 2.01198136e+00 -3.52245013e-01 -8.94600256e-04 ...  1.25203437e-03
   3.87148761e-02  1.83076433e-02]
 [ 2.01109935e+00 -3.31595975e-01  2.03972342e-02 ... -1.49470948e-02
   2.13216630e-02  2.97441552e-02]
 [ 2.01679653e+00 -3.17768423e-01  4.34596202e-02 ...  2.03149757e-03
   9.52764174e-03  8.36241545e-03]
 ...
 [ 2.34873870e+00 -3.56960375e-01  8.31540977e-02 ...  1.16739926e-02
   3.75018057e-02 -1.46450817e-02]
 [ 1.23136737e+00 -2.08124031e-01  3.34283689e-02 ...  7.76373513e-03
   1.20428979e-02 -4.41059827e-03]
 [ 1.24815252e+00 -1.84748527e-01  3.09657006e-02 ...  1.09875272e-02
   1.01328130e-02 -1.50562583e-02]]","(98, 13)"
./Sample-kelapa/data/cut_sample/matang/wav/mtg8b.wav,mtg8b.wav,mature,"[[ 2.04409039e+00 -3.45823906e-01  1.85956003e-02 ...  3.53276092e-04
   2.62097965e-02  2.01004391e-02]
 [ 2.03412619e+00 -3.56562298e-01  4.86925112e-02 ... -1.37112342e-02
   4.33710852e-02  5.76414112e-03]
 [ 2.06946187e+00 -3.24237539e-01  2.28290398e-02 ... -2.25062074e-02
   3.40902299e-02  2.62757818e-02]
 ...
 [ 1.76940129e+00 -7.51565691e-01  2.26335727e-01 ... -6.66030913e-02
   2.47694010e-02 -1.29108226e-02]
 [ 1.77216134e+00 -7.74428820e-01  2.30032125e-01 ... -7.71892046e-02
   3.46541027e-02 -1.79694701e-02]
 [ 1.33907794e+00 -3.32372316e-01  9.50848152e-02 ... -5.76865653e-03
   6.73631584e-04  2.01078624e-02]]","(98, 13)"
./Sample-kelapa/data/cut_sample/matang/wav/mtg8c.wav,mtg8c.wav,mature,"[[ 2.02201894 -0.31674985  0.0491915  ...  0.02001945  0.00445603
   0.01416793]
 [ 2.02232366 -0.32540247  0.01946516 ...  0.0123236   0.03272509
   0.01949993]
 [ 2.01942014 -0.31708451  0.03756606 ... -0.01145911  0.01116445
   0.02207447]
 ...
 [ 2.29631858 -0.63699894 -0.02899941 ... -0.14517186  0.1128751
   0.04912764]
 [ 1.74060008  0.00874679 -0.26106732 ... -0.00911176  0.03436366
   0.06148372]
 [ 1.73403452  0.00767422 -0.26259065 ... -0.02379151  0.04015564
   0.07314084]]","(98, 13)"
./Sample-kelapa/data/cut_sample/matang/wav/mtg9a.wav,mtg9a.wav,mature,"[[ 2.02201894 -0.31674985  0.0491915  ...  0.02001945  0.00445603
   0.01416793]
 [ 2.02232366 -0.32540247  0.01946516 ...  0.0123236   0.03272509
   0.01949993]
 [ 2.01942014 -0.31708451  0.03756606 ... -0.01145911  0.01116445
   0.02207447]
 ...
 [ 2.29631858 -0.63699894 -0.02899941 ... -0.14517186  0.1128751
   0.04912764]
 [ 1.74060008  0.00874679 -0.26106732 ... -0.00911176  0.03436366
   0.06148372]
 [ 1.73403452  0.00767422 -0.26259065 ... -0.02379151  0.04015564
   0.07314084]]","(98, 13)"
./Sample-kelapa/data/cut_sample/matang/wav/mtg9b.wav,mtg9b.wav,mature,"[[ 2.04409039e+00 -3.45823906e-01  1.85956003e-02 ...  3.53276092e-04
   2.62097965e-02  2.01004391e-02]
 [ 2.03412619e+00 -3.56562298e-01  4.86925112e-02 ... -1.37112342e-02
   4.33710852e-02  5.76414112e-03]
 [ 2.06946187e+00 -3.24237539e-01  2.28290398e-02 ... -2.25062074e-02
   3.40902299e-02  2.62757818e-02]
 ...
 [ 1.76940129e+00 -7.51565691e-01  2.26335727e-01 ... -6.66030913e-02
   2.47694010e-02 -1.29108226e-02]
 [ 1.77216134e+00 -7.74428820e-01  2.30032125e-01 ... -7.71892046e-02
   3.46541027e-02 -1.79694701e-02]
 [ 1.33907794e+00 -3.32372316e-01  9.50848152e-02 ... -5.76865653e-03
   6.73631584e-04  2.01078624e-02]]","(98, 13)"
./Sample-kelapa/data/cut_sample/matang/wav/mtg9c.wav,mtg9c.wav,mature,"[[ 2.01198136e+00 -3.52245013e-01 -8.94600256e-04 ...  1.25203437e-03
   3.87148761e-02  1.83076433e-02]
 [ 2.01109935e+00 -3.31595975e-01  2.03972342e-02 ... -1.49470948e-02
   2.13216630e-02  2.97441552e-02]
 [ 2.01679653e+00 -3.17768423e-01  4.34596202e-02 ...  2.03149757e-03
   9.52764174e-03  8.36241545e-03]
 ...
 [ 2.34873870e+00 -3.56960375e-01  8.31540977e-02 ...  1.16739926e-02
   3.75018057e-02 -1.46450817e-02]
 [ 1.23136737e+00 -2.08124031e-01  3.34283689e-02 ...  7.76373513e-03
   1.20428979e-02 -4.41059827e-03]
 [ 1.24815252e+00 -1.84748527e-01  3.09657006e-02 ...  1.09875272e-02
   1.01328130e-02 -1.50562583e-02]]","(98, 13)"
./Sample-kelapa/data/cut_sample/muda/wav/muda10a.wav,muda10a.wav,immature,"[[ 2.53319145  0.01957585 -0.04323907 ... -0.01702088 -0.00989021
   0.01425896]
 [ 2.53628936  0.03742841 -0.04469385 ... -0.02622217  0.01003448
   0.0212067 ]
 [ 2.59510048  0.076432   -0.03655477 ... -0.02971693  0.00777882
   0.029374  ]
 ...
 [ 2.46678972  0.58625376 -0.39153532 ... -0.05587895 -0.00683492
  -0.01835969]
 [ 2.35247148  0.47661195 -0.40509418 ... -0.04009515  0.01172324
   0.01791286]
 [ 2.29958591  0.50748465 -0.36041421 ... -0.07107468 -0.01061006
   0.0405058 ]]","(98, 13)"
./Sample-kelapa/data/cut_sample/muda/wav/muda10b.wav,muda10b.wav,immature,"[[ 2.54863999e+00 -8.95844269e-02 -1.67245937e-01 ... -3.41638821e-03
   9.28031697e-03 -7.06479346e-03]
 [ 2.49031988e+00 -9.84986460e-02 -9.71016453e-02 ...  2.48036546e-02
   5.81111772e-03  1.09242963e-02]
 [ 2.51459452e+00 -1.20288789e-01 -1.41976289e-01 ...  1.78699866e-02
  -1.92076666e-02 -6.66037155e-04]
 ...
 [ 2.11268844e+00  4.45471003e-02  3.21712994e-01 ... -1.08846150e-01
  -5.00546672e-02 -2.97908767e-02]
 [ 1.87576186e+00 -2.25754172e-01  1.25794090e-01 ... -3.76498213e-02
   3.99951636e-03 -3.73072460e-02]
 [ 1.89471365e+00 -2.20762640e-01  1.49138416e-01 ... -5.58543683e-02
   2.63334355e-03 -4.21266907e-02]]","(98, 13)"
./Sample-kelapa/data/cut_sample/muda/wav/muda10c.wav,muda10c.wav,immature,"[[ 2.59423253e+00 -1.05326354e-01 -1.81905819e-01 ... -6.94100113e-02
  -2.23260880e-02 -3.96065470e-03]
 [ 2.61610691e+00 -6.81675439e-02 -1.90212642e-01 ... -8.00703421e-02
   1.64953335e-02  1.74421138e-02]
 [ 2.60914432e+00 -1.07686457e-02 -1.72704268e-01 ... -5.84105129e-02
  -1.39624020e-02  3.56148574e-02]
 ...
 [ 1.65956858e+00  4.49345827e-01  4.76737887e-02 ...  2.22674440e-03
  -3.98429842e-02 -1.23938424e-02]
 [ 1.65268819e+00  4.69650746e-01  3.94825009e-02 ...  1.53555240e-02
  -3.76462109e-02  5.13614298e-03]
 [ 1.40631953e+00  2.19321700e-01 -1.14555183e-01 ... -3.63555944e-02
  -2.00933428e-02  3.39752826e-02]]","(98, 13)"
./Sample-kelapa/data/cut_sample/muda/wav/muda11a.wav,muda11a.wav,immature,"[[ 2.58122515e+00 -3.47671580e-02 -1.90384469e-01 ... -1.91422107e-02
   2.73482512e-02 -2.56662400e-03]
 [ 2.58689147e+00 -3.87567068e-02 -2.02845417e-01 ...  2.01335828e-03
   2.23553820e-02 -4.82130397e-03]
 [ 2.60337939e+00 -7.17214160e-02 -2.67499474e-01 ... -6.91004339e-03
   1.01497813e-02 -2.97761766e-02]
 ...
 [ 2.26016817e+00  2.39095706e-01 -3.52604971e-01 ... -1.11838317e-01
  -7.23387845e-02  3.80432750e-02]
 [ 1.85436595e+00 -4.78538307e-02 -3.39334408e-01 ...  1.20768230e-02
  -5.50007040e-02  7.34868488e-03]
 [ 1.77715130e+00  2.69019473e-02 -3.97929466e-01 ... -2.75175326e-02
  -2.11567152e-02  5.63440219e-03]]","(98, 13)"
./Sample-kelapa/data/cut_sample/muda/wav/muda11b.wav,muda11b.wav,immature,"[[ 2.48730992 -0.15288187 -0.24514588 ... -0.01682016 -0.02901861
  -0.01001629]
 [ 2.45932356 -0.16144393 -0.21700739 ...  0.02146098  0.02142459
   0.0154816 ]
 [ 2.4726747  -0.12445356 -0.19521192 ...  0.01460658  0.02723742
   0.02485441]
 ...
 [ 2.22349131  0.24166596 -0.03587391 ...  0.08850037 -0.02667897
  -0.0162983 ]
 [ 2.23492778  0.25171583 -0.02387628 ...  0.05402769 -0.00788765
   0.00308916]
 [ 2.05996231  0.1347534  -0.00617781 ...  0.00403481 -0.02788735
   0.0131359 ]]","(98, 13)"
./Sample-kelapa/data/cut_sample/muda/wav/muda11c.wav,muda11c.wav,immature,"[[ 2.56556619e+00 -1.94805919e-02 -2.02025332e-01 ... -1.26686853e-02
  -3.18758029e-02  6.68695547e-03]
 [ 2.55780184e+00 -2.93823682e-02 -1.75264032e-01 ... -1.64922181e-02
  -4.42980565e-02  2.39975894e-02]
 [ 2.58002453e+00 -6.00480078e-03 -1.40372768e-01 ... -2.01186122e-02
  -4.89186615e-02  3.17294989e-02]
 ...
 [ 1.94971417e+00 -3.24135615e-01 -1.49596275e-01 ... -1.05623536e-01
  -5.47712405e-03 -4.61179296e-02]
 [ 1.92019042e+00 -3.37492668e-01 -1.73161086e-01 ... -1.06130759e-01
   2.72276188e-02 -6.77339548e-03]
 [ 1.55189658e+00 -6.90222914e-02 -1.29821594e-01 ... -4.87372880e-03
   4.06255894e-02  1.76785747e-03]]","(98, 13)"
./Sample-kelapa/data/cut_sample/muda/wav/muda12a.wav,muda12a.wav,immature,"[[ 2.36601739e+00 -1.89379503e-01 -1.56239094e-01 ... -4.91279855e-02
  -1.21929989e-02  2.94778473e-02]
 [ 2.35906458e+00 -1.23347490e-01 -1.06766043e-01 ... -6.03215821e-02
  -1.80926239e-02  5.57652746e-02]
 [ 2.35516090e+00 -1.28226724e-01 -6.21519849e-02 ... -4.78432955e-02
   3.05982153e-03  2.40834097e-02]
 ...
 [ 1.41807239e+00 -8.03532474e-02 -5.98826249e-02 ... -3.47676963e-02
  -2.24104288e-02 -9.91448995e-03]
 [ 1.39965401e+00 -9.77604118e-02 -1.03738416e-01 ...  5.62907663e-03
  -2.82210533e-02 -2.89272825e-02]
 [ 1.42483103e+00 -4.47328266e-02 -9.36036512e-02 ...  1.96833559e-03
  -2.99876447e-02 -8.73716134e-03]]","(98, 13)"
./Sample-kelapa/data/cut_sample/muda/wav/muda12b.wav,muda12b.wav,immature,"[[ 2.49029241e+00 -9.97335842e-03 -6.13311921e-02 ... -3.99102589e-02
  -7.15280883e-03 -2.35819803e-02]
 [ 2.49852770e+00 -8.81296791e-03 -6.86154826e-02 ...  3.63811301e-03
   2.18010030e-02 -1.86635198e-03]
 [ 2.46161053e+00 -4.62976945e-02 -6.45358844e-02 ... -2.58854395e-02
   1.43694257e-02  6.67351892e-03]
 ...
 [ 2.75399192e+00 -2.62596737e-01  2.61950999e-01 ... -3.62243221e-02
  -1.25019686e-01 -8.17971580e-03]
 [ 2.66709193e+00 -3.22711076e-01  3.46203581e-01 ... -9.35085557e-02
  -1.12434110e-01  1.24434737e-02]
 [ 2.33084939e+00 -7.45256401e-01  2.43033418e-01 ...  2.53207592e-02
  -6.82948402e-02  1.00616037e-02]]","(98, 13)"
./Sample-kelapa/data/cut_sample/muda/wav/muda12c.wav,muda12c.wav,immature,"[[ 2.33375364e+00 -1.02019817e-01 -1.20808749e-02 ...  1.39239404e-02
  -2.55176111e-03 -5.23344184e-03]
 [ 2.31388062e+00 -8.54857880e-02  1.86139028e-02 ...  3.52042901e-03
  -3.12128100e-02 -2.73834814e-02]
 [ 2.27273770e+00 -1.32285691e-01  1.32486943e-02 ... -5.78274684e-04
  -3.36072115e-02 -2.66583028e-02]
 ...
 [ 1.80421795e+00  2.39173392e-01 -1.65803901e-01 ... -6.93986327e-02
  -1.29920025e-02  7.09087734e-02]
 [ 1.62083803e+00  1.66778190e-01 -5.90946584e-02 ... -1.69867937e-02
  -3.25519779e-02  1.99164522e-02]
 [ 1.50279819e+00  8.80482940e-02 -1.61487156e-02 ... -5.67023408e-02
  -2.87528984e-02  3.98994458e-02]]","(98, 13)"
./Sample-kelapa/data/cut_sample/muda/wav/muda13a.wav,muda13a.wav,immature,"[[ 2.80311030e+00 -2.00790773e-01 -2.45835445e-01 ... -2.59107331e-02
   1.99997757e-02  6.06999889e-02]
 [ 2.79958410e+00 -1.80430167e-01 -2.24952438e-01 ... -8.62578619e-02
   3.45178393e-03  5.24685365e-02]
 [ 2.81159821e+00 -1.87010630e-01 -2.56125595e-01 ... -7.49784193e-02
   2.72185731e-03  5.57315090e-02]
 ...
 [ 2.26384933e+00 -4.18120580e-01 -1.54132328e-01 ... -2.47534190e-02
   2.56029443e-03  5.92637856e-03]
 [ 2.20086099e+00 -3.86585171e-01 -2.02058166e-01 ... -3.86655643e-02
   1.15195482e-02 -1.04169119e-02]
 [ 2.10742445e+00 -3.20942634e-01 -2.91075677e-01 ... -3.37220041e-02
   1.28222446e-02 -6.48210703e-03]]","(98, 13)"
./Sample-kelapa/data/cut_sample/muda/wav/muda13b.wav,muda13b.wav,immature,"[[ 2.42083315 -0.12940352 -0.09872228 ... -0.01016885  0.02366997
   0.02054712]
 [ 2.42199012 -0.13710817 -0.05989299 ...  0.00749663 -0.0080642
   0.01749768]
 [ 2.39317499 -0.09715202 -0.04855027 ...  0.04005774  0.01570558
   0.00886637]
 ...
 [ 2.37143617  0.60417586 -0.20721793 ...  0.02732237  0.07628772
  -0.02122288]
 [ 2.28790731  0.54493955 -0.22116885 ... -0.01056923  0.03696867
  -0.03134074]
 [ 2.1520665   0.49438743 -0.15703674 ...  0.0131114   0.05167362
  -0.00881994]]","(98, 13)"
./Sample-kelapa/data/cut_sample/muda/wav/muda13c.wav,muda13c.wav,immature,"[[ 2.66277871 -0.00705875 -0.24639225 ... -0.02565942 -0.00484338
   0.03980611]
 [ 2.66831139  0.02958075 -0.20276399 ... -0.00601411 -0.01180714
   0.01699816]
 [ 2.66848215 -0.05063201 -0.27747242 ... -0.03732125 -0.03378719
   0.01543193]
 ...
 [ 2.25698803  0.27501581 -0.33243616 ... -0.00397781  0.04248974
  -0.02520894]
 [ 2.06129425  0.15910451 -0.30581855 ...  0.0051998   0.02794236
  -0.03888807]
 [ 2.07152469  0.15475961 -0.29247117 ...  0.02300019  0.04357793
  -0.0416044 ]]","(98, 13)"
./Sample-kelapa/data/cut_sample/muda/wav/muda14a.wav,muda14a.wav,immature,"[[ 2.38194516e+00 -1.47075241e-01 -6.97640020e-02 ... -3.72430498e-02
   3.18525601e-02 -1.23432195e-02]
 [ 2.39944876e+00 -1.63832563e-01 -5.80626978e-02 ... -2.39085638e-02
   4.03732533e-02 -2.20109907e-02]
 [ 2.38413847e+00 -1.60741592e-01 -3.64298251e-02 ... -4.90722894e-03
   5.17610488e-02 -6.64058300e-03]
 ...
 [ 1.83676079e+00 -3.18129500e-01  1.28048713e-01 ... -1.13328074e-01
   3.19688714e-02 -1.88813341e-02]
 [ 1.79262346e+00 -3.59232138e-01  1.22130987e-01 ... -9.85317299e-02
   3.02634408e-02 -4.76848641e-02]
 [ 1.74929547e+00 -3.76656296e-01  1.08506550e-01 ... -1.17308889e-01
   7.38733052e-04 -2.53230923e-02]]","(98, 13)"
./Sample-kelapa/data/cut_sample/muda/wav/muda14b.wav,muda14b.wav,immature,"[[ 2.20688068 -0.2945782  -0.02683096 ... -0.08892282 -0.02303214
   0.00837616]
 [ 2.1711083  -0.31818267 -0.04676508 ... -0.08624441  0.00799582
   0.00539651]
 [ 2.20954985 -0.29056345 -0.04853857 ... -0.07170337 -0.00988693
   0.02628001]
 ...
 [ 1.18497329 -0.01306882  0.05704858 ... -0.00696774 -0.01607489
  -0.04014207]
 [ 1.16323133 -0.01339736  0.11893364 ... -0.0061124  -0.01096336
  -0.02452583]
 [ 1.13973459 -0.02472351  0.11510175 ... -0.02954288 -0.02404222
  -0.02905119]]","(98, 13)"
./Sample-kelapa/data/cut_sample/muda/wav/muda14c.wav,muda14c.wav,immature,"[[ 2.25524354 -0.19172235  0.09288143 ...  0.03169756 -0.01502045
   0.03638659]
 [ 2.25068338 -0.17381154  0.12239401 ...  0.01890901 -0.02396106
   0.02646436]
 [ 2.28073422 -0.155499    0.08522507 ...  0.04088916 -0.01838872
   0.00248058]
 ...
 [ 1.63960678  0.4457755   0.15989114 ... -0.00576733 -0.02884017
  -0.01218227]
 [ 1.56415757  0.41947613  0.17049172 ... -0.01122577 -0.03145028
  -0.02649382]
 [ 1.36522421  0.21450874  0.05450327 ... -0.0470691  -0.04731517
  -0.01692112]]","(98, 13)"
./Sample-kelapa/data/cut_sample/muda/wav/muda15a.wav,muda15a.wav,immature,"[[ 2.96324292e+00 -4.26833376e-01  2.12969308e-02 ...  4.90788481e-02
  -3.05676771e-02 -6.67327996e-03]
 [ 2.87272899e+00 -5.33385052e-01  2.47224064e-02 ...  2.48657849e-02
  -1.14835168e-02 -4.24347921e-02]
 [ 2.85727211e+00 -5.43323768e-01  1.90269806e-03 ...  2.29009446e-02
   2.27368804e-02 -4.95236664e-02]
 ...
 [ 1.18092633e+00  2.66267481e-01  6.91501094e-02 ... -2.09396886e-02
   1.07805279e-02  1.75994361e-02]
 [ 1.12935184e+00  2.32457732e-01  4.44420710e-02 ... -2.75477687e-02
   1.37108635e-03  1.17187888e-02]
 [ 1.15802971e+00  2.66440947e-01  6.56798613e-02 ... -2.75209042e-03
   2.07876960e-02  2.67672574e-02]]","(98, 13)"
./Sample-kelapa/data/cut_sample/muda/wav/muda15b.wav,muda15b.wav,immature,"[[ 2.54238919e+00 -2.34184075e-01  7.32790460e-02 ...  1.22077299e-02
   1.02916852e-02  4.23754464e-02]
 [ 2.54513325e+00 -2.82375431e-01  2.14849982e-02 ...  1.97543695e-03
   5.33909041e-03  6.67693513e-02]
 [ 2.50673055e+00 -3.12007157e-01 -3.68280248e-02 ...  4.12197159e-03
  -1.15225137e-02  7.11983045e-02]
 ...
 [ 1.64455772e+00  8.59530135e-02 -9.05692148e-03 ... -1.93986391e-03
  -9.98078831e-03 -2.25329876e-03]
 [ 1.58217397e+00  9.67083632e-02 -4.77066970e-03 ...  4.30735299e-03
   7.80890656e-03  2.51133991e-02]
 [ 1.54908998e+00  1.09877115e-01 -1.85018342e-02 ...  3.44777292e-03
  -1.45018328e-02  4.42011560e-03]]","(98, 13)"
./Sample-kelapa/data/cut_sample/muda/wav/muda15c.wav,muda15c.wav,immature,"[[ 2.40461960e+00 -1.50488919e-01  1.44899629e-02 ...  5.30837888e-03
  -2.36613543e-03 -2.96830281e-02]
 [ 2.38933835e+00 -1.72201764e-01 -4.41203171e-02 ... -2.50315781e-03
   1.00238307e-02 -2.58626981e-02]
 [ 2.38947506e+00 -1.90860050e-01 -1.20917176e-01 ... -4.78034869e-04
   1.80354887e-02  7.98342073e-03]
 ...
 [ 1.83244272e+00  4.72114154e-01  1.39204104e-01 ... -8.91212861e-02
   4.59441035e-02 -5.10230205e-03]
 [ 1.69135771e+00  3.18428568e-01  6.35372670e-02 ... -5.88706606e-02
   7.48665120e-02 -1.65157910e-02]
 [ 1.54834918e+00  1.38973342e-01 -8.61997725e-02 ... -6.15925159e-02
   5.12544491e-02 -2.84510212e-02]]","(98, 13)"
./Sample-kelapa/data/cut_sample/muda/wav/muda16a.wav,muda16a.wav,immature,"[[ 2.14319362e+00 -2.80130733e-01 -1.60999971e-02 ...  3.43893126e-02
   5.34683735e-02 -5.82095358e-04]
 [ 2.13230059e+00 -2.89142891e-01  2.31525140e-02 ...  1.24562011e-02
   2.97582763e-02 -1.35019170e-02]
 [ 2.20611613e+00 -2.70437663e-01 -2.34058210e-02 ... -7.81123871e-03
   4.40111603e-02  5.68600009e-03]
 ...
 [ 1.32300794e+00 -1.28920282e-01  4.80880983e-03 ... -1.59952844e-03
  -2.44555148e-02 -4.04028503e-02]
 [ 1.32530971e+00 -1.55708623e-01  4.75154605e-02 ...  2.83210183e-02
  -1.77878519e-02 -1.89790396e-02]
 [ 1.29494455e+00 -1.51341356e-01  8.14017237e-02 ...  2.44622984e-02
  -1.87957432e-02 -1.44040642e-02]]","(98, 13)"
./Sample-kelapa/data/cut_sample/muda/wav/muda16b.wav,muda16b.wav,immature,"[[ 2.50075377 -0.01405955  0.06519283 ...  0.02060111  0.00571924
   0.00883751]
 [ 2.52469943 -0.00853834  0.05808337 ...  0.0032059  -0.02445337
   0.00777944]
 [ 2.49134857 -0.00724885  0.06149861 ...  0.03425263 -0.04035889
  -0.02081635]
 ...
 [ 2.22868685  0.19333168 -0.09262558 ...  0.0356735  -0.06266159
  -0.00993526]
 [ 2.22801476  0.12624028 -0.1257105  ...  0.0289239  -0.05633753
   0.01293806]
 [ 1.73054131  0.02049806 -0.14270908 ...  0.02897893 -0.00445385
   0.01338121]]","(98, 13)"
./Sample-kelapa/data/cut_sample/muda/wav/muda16c.wav,muda16c.wav,immature,"[[ 2.18170744e+00 -1.45962578e-01  1.43761332e-01 ... -7.09484381e-03
   1.12702805e-02  2.54700966e-02]
 [ 2.18445190e+00 -1.23369525e-01  1.50114986e-01 ...  4.24775076e-03
   1.03945442e-02  1.74884502e-02]
 [ 2.20860018e+00 -1.07904622e-01  1.74293590e-01 ...  9.93799608e-04
   2.31417883e-02  3.46841823e-02]
 ...
 [ 1.88603506e+00  6.54639888e-01  3.72781334e-01 ...  6.36593590e-03
   8.81277552e-03 -4.49246855e-02]
 [ 1.86744666e+00  6.38342520e-01  3.54420822e-01 ...  1.77466755e-02
   7.21655253e-03 -4.10817814e-02]
 [ 1.65637184e+00  4.60147467e-01  2.62704247e-01 ... -2.49487322e-02
  -4.80941169e-03 -2.24482887e-02]]","(98, 13)"
./Sample-kelapa/data/cut_sample/muda/wav/muda17a.wav,muda17a.wav,immature,"[[ 2.38611752e+00 -1.52111011e-01 -1.09774599e-01 ...  2.24057958e-02
  -5.99351064e-03 -1.50197520e-02]
 [ 2.40097330e+00 -1.25455093e-01 -1.54047217e-01 ... -1.99205358e-02
   6.18145109e-03 -1.53433981e-03]
 [ 2.46969598e+00 -1.08501702e-01 -1.94036621e-01 ... -4.83862757e-02
  -3.89038383e-02  9.45867825e-03]
 ...
 [ 1.84307740e+00 -4.82811116e-02 -5.57834804e-01 ...  8.28643725e-02
   2.97124163e-03  1.08760556e-02]
 [ 1.46186310e+00 -8.41995555e-02 -1.12754320e-01 ... -1.58208990e-03
  -3.71137488e-03  1.56303345e-02]
 [ 1.45952640e+00 -7.26538081e-02 -1.29062927e-01 ...  1.28710398e-03
  -2.06027748e-02  7.85856575e-03]]","(98, 13)"
./Sample-kelapa/data/cut_sample/muda/wav/muda17b.wav,muda17b.wav,immature,"[[ 2.46056782e+00 -9.79205919e-02 -7.95794975e-02 ... -3.72461119e-02
  -2.83685022e-02 -3.07920002e-02]
 [ 2.43581110e+00 -1.09165534e-01 -1.19782248e-01 ... -3.50637280e-02
  -2.52320085e-04 -4.34550461e-03]
 [ 2.44304057e+00 -1.32117886e-01 -1.39007232e-01 ... -6.22183784e-03
  -9.06367183e-03 -2.31547167e-02]
 ...
 [ 1.91844759e+00  5.52276126e-01  1.84835401e-01 ...  8.12942202e-02
   2.58784638e-02 -3.08836642e-03]
 [ 1.78503869e+00  4.55338673e-01  2.04360099e-01 ...  1.34706129e-02
  -3.97592896e-02 -3.82666210e-03]
 [ 1.56860548e+00  2.24102868e-01  6.63648417e-02 ...  5.83834365e-02
  -1.74666456e-03  5.39911415e-03]]","(98, 13)"
./Sample-kelapa/data/cut_sample/muda/wav/muda17c.wav,muda17c.wav,immature,"[[ 2.53646003 -0.0853179  -0.07665733 ...  0.05490634 -0.01871598
  -0.04321113]
 [ 2.5250949  -0.09664914 -0.10037728 ...  0.04115737  0.00559628
  -0.00463376]
 [ 2.47946827 -0.13078763 -0.06541618 ...  0.04296696 -0.01762279
   0.00444607]
 ...
 [ 1.87194041 -0.19733566 -0.43028558 ... -0.06215671 -0.0531165
  -0.0548273 ]
 [ 1.84618306 -0.16977913 -0.38887886 ... -0.065894   -0.04689589
  -0.04342701]
 [ 1.47687741 -0.04623    -0.01846303 ...  0.00405961 -0.01826055
  -0.0314297 ]]","(98, 13)"
./Sample-kelapa/data/cut_sample/muda/wav/muda18a.wav,muda18a.wav,immature,"[[ 2.54403996 -0.10030851 -0.21576751 ...  0.06333698  0.02917441
  -0.0378875 ]
 [ 2.54349992 -0.13163709 -0.26124773 ...  0.03238487 -0.00267952
  -0.06122323]
 [ 2.52236203 -0.14709303 -0.18044926 ...  0.00724255  0.0329215
  -0.01964309]
 ...
 [ 1.92142424  0.37728773 -0.39660284 ...  0.07595798 -0.06699783
  -0.0167832 ]
 [ 1.8927813   0.36926994 -0.38168963 ...  0.05142961 -0.04345445
   0.01869109]
 [ 1.86672751  0.31567474 -0.38465906 ...  0.07331276 -0.02689794
  -0.01667935]]","(98, 13)"
./Sample-kelapa/data/cut_sample/muda/wav/muda18b.wav,muda18b.wav,immature,"[[ 2.32967203e+00 -1.39774612e-01 -6.47768901e-02 ...  1.64930023e-02
   2.28158043e-02  1.26130101e-03]
 [ 2.32006555e+00 -1.11309484e-01 -3.02101066e-02 ... -1.66580304e-02
   8.52420147e-04  1.12190758e-02]
 [ 2.27646201e+00 -1.27979303e-01  5.38964685e-03 ...  1.10034760e-03
   2.72343461e-02  3.24561795e-02]
 ...
 [ 1.23237458e+00 -3.10264088e-02  5.53149647e-02 ... -2.24821961e-02
  -1.47896191e-03  2.27796868e-03]
 [ 1.22212051e+00 -1.69384918e-02  2.69087314e-02 ... -1.44559607e-02
   8.33540877e-03  2.86883917e-02]
 [ 1.17852744e+00 -2.06062994e-02  4.27068009e-02 ... -2.70845339e-02
   6.94000882e-03  1.97717529e-02]]","(98, 13)"
./Sample-kelapa/data/cut_sample/muda/wav/muda18c.wav,muda18c.wav,immature,"[[ 2.24333671 -0.16613076 -0.00489978 ...  0.02694108  0.03720104
   0.00533754]
 [ 2.26274896 -0.17064412 -0.0554393  ...  0.0453687   0.03699836
  -0.00385511]
 [ 2.31492333 -0.16049813 -0.07410332 ...  0.02298618  0.01748364
   0.00832363]
 ...
 [ 1.37951429  0.16000655 -0.12244643 ...  0.01811028 -0.01083629
  -0.00329476]
 [ 1.36079975  0.18051115 -0.10660603 ...  0.01292105 -0.01307449
   0.0028017 ]
 [ 1.28657907  0.14226629 -0.09246464 ...  0.00568216 -0.01758912
   0.01131431]]","(98, 13)"
./Sample-kelapa/data/cut_sample/muda/wav/muda19a.wav,muda19a.wav,immature,"[[ 3.22198364 -0.86038936  0.19465433 ...  0.01131992 -0.06900888
   0.00881565]
 [ 3.19956159 -0.84461972  0.21046068 ...  0.01198593 -0.0261593
   0.02902872]
 [ 3.16082361 -0.83853462  0.19059939 ...  0.02547578 -0.02489531
   0.02733372]
 ...
 [ 1.66034293  0.44776632  0.09336059 ... -0.02281744  0.01838004
   0.02008008]
 [ 1.31519743  0.15963958  0.01324192 ...  0.04350195  0.03086603
  -0.01508012]
 [ 1.28153707  0.14516328  0.01927796 ...  0.01578254  0.02620285
  -0.01715818]]","(98, 13)"
./Sample-kelapa/data/cut_sample/muda/wav/muda19b.wav,muda19b.wav,immature,"[[ 2.61706416e+00 -1.75527381e-02 -5.68111242e-02 ... -3.35185900e-02
   4.48090119e-02  2.13419089e-03]
 [ 2.59525708e+00 -6.18458054e-02 -1.04866007e-01 ... -3.14250179e-02
   1.33984052e-02 -5.18319568e-02]
 [ 2.57748857e+00 -6.47719658e-02 -6.45099675e-02 ... -1.93004220e-02
   2.41153283e-02 -3.11063092e-02]
 ...
 [ 2.36110673e+00  1.91130178e-01 -2.55276905e-01 ... -4.00278042e-02
  -1.31476147e-03 -5.35685734e-02]
 [ 2.15979624e+00  1.57655022e-01 -2.21764123e-01 ... -2.29469759e-03
   5.01934155e-02 -1.20215097e-03]
 [ 2.04961234e+00  1.17448084e-02 -2.75833555e-01 ... -6.33918020e-02
   1.86362640e-02 -9.20160236e-03]]","(98, 13)"
./Sample-kelapa/data/cut_sample/muda/wav/muda19c.wav,muda19c.wav,immature,"[[ 2.96037340e+00 -4.17011386e-01 -1.89998141e-01 ... -1.54024567e-02
  -6.86198186e-03 -2.85644408e-03]
 [ 2.92608991e+00 -4.37656248e-01 -2.09610603e-01 ... -3.23886271e-02
  -6.47805908e-03 -5.17251105e-03]
 [ 2.90496854e+00 -4.12475895e-01 -2.02424722e-01 ... -3.01781689e-02
  -1.88889126e-02  8.78787012e-03]
 ...
 [ 2.09454448e+00  1.69346692e-01  6.98267356e-02 ... -2.53297365e-02
  -5.36588729e-03 -3.44401687e-02]
 [ 2.06553081e+00  1.72693354e-01  3.62977110e-02 ... -3.09413547e-02
  -2.29444717e-02 -3.90231674e-02]
 [ 2.03018554e+00  1.25472392e-01  7.51678129e-03 ... -4.64613926e-02
  -3.41571444e-02 -3.45927900e-02]]","(98, 13)"
./Sample-kelapa/data/cut_sample/muda/wav/muda1a.wav,muda1a.wav,immature,"[[ 2.16833574e+00 -2.52533267e-01  1.75745699e-01 ...  2.27728927e-02
   5.00740140e-03 -2.92334123e-02]
 [ 2.15205358e+00 -2.75086360e-01  1.72924634e-01 ...  1.71904271e-03
   7.89272501e-04 -4.63467890e-02]
 [ 2.10919276e+00 -2.52661691e-01  1.42858661e-01 ...  3.49321989e-03
   8.15825244e-03  8.22808715e-03]
 ...
 [ 1.83488090e+00  6.11195466e-02  5.77539932e-01 ... -4.41377210e-03
   2.79787900e-02  4.05501574e-02]
 [ 1.56978829e+00 -7.35109437e-02  4.54474628e-01 ... -1.28773524e-02
   1.56180135e-02 -2.44620106e-04]
 [ 1.46392936e+00 -2.25324767e-03  3.63601771e-01 ... -1.39100394e-02
   1.45307311e-02  7.12134976e-03]]","(98, 13)"
./Sample-kelapa/data/cut_sample/muda/wav/muda1b.wav,muda1b.wav,immature,"[[ 2.6124519  -0.10255769 -0.10906059 ... -0.06171933 -0.01116188
   0.01280112]
 [ 2.62765874 -0.04825771 -0.16188761 ... -0.07464656 -0.02128015
   0.04962456]
 [ 2.63968965 -0.05074612 -0.18484147 ... -0.02863162 -0.00854968
   0.05391307]
 ...
 [ 2.11635365  0.33892251 -0.10317295 ... -0.06840289 -0.02470302
   0.03402103]
 [ 2.15447506  0.36628972 -0.12291618 ... -0.03294377  0.02514543
   0.08603897]
 [ 2.01389911  0.32236246 -0.09435542 ... -0.03653391  0.0066551
   0.06747283]]","(98, 13)"
./Sample-kelapa/data/cut_sample/muda/wav/muda1c.wav,muda1c.wav,immature,"[[ 2.32534162 -0.08917231  0.02990282 ... -0.01814238  0.00935227
   0.00585225]
 [ 2.35765871 -0.05495979  0.01019194 ...  0.00747242  0.02118396
   0.0185868 ]
 [ 2.37225709 -0.03181685  0.03729518 ...  0.05260828  0.06939959
   0.03243774]
 ...
 [ 1.65447472 -0.23961143  0.00820991 ... -0.00728089 -0.03018618
  -0.01877614]
 [ 1.60882025 -0.24710956 -0.00604308 ...  0.01147844 -0.04408373
  -0.02023463]
 [ 1.44792394 -0.10665243  0.05924985 ... -0.0085749  -0.02703713
  -0.00692363]]","(98, 13)"
./Sample-kelapa/data/cut_sample/muda/wav/muda20a.wav,muda20a.wav,immature,"[[ 2.51195007e+00 -3.45614269e-02 -1.30721547e-01 ...  2.30871401e-02
  -1.69679849e-02 -4.59244454e-04]
 [ 2.55900601e+00 -6.06724237e-02 -2.06210093e-01 ...  9.03567220e-03
  -5.38094584e-02 -9.21908824e-03]
 [ 2.64340220e+00  9.97953074e-03 -2.06785280e-01 ... -2.46771223e-02
  -6.30913677e-02 -5.54183559e-03]
 ...
 [ 2.45960077e+00  4.20201356e-01 -4.46565030e-01 ... -1.90864605e-02
  -4.13101079e-02 -2.36557344e-02]
 [ 2.35525611e+00  3.87083292e-01 -3.99057920e-01 ...  2.51806333e-03
  -7.01268940e-04 -2.21804061e-02]
 [ 2.30994454e+00  3.28976072e-01 -4.47968439e-01 ... -2.89513401e-02
  -3.03108376e-02 -1.21746486e-02]]","(98, 13)"
./Sample-kelapa/data/cut_sample/muda/wav/muda20b.wav,muda20b.wav,immature,"[[ 2.49276387 -0.0800305  -0.11975261 ...  0.04113401 -0.0337492
  -0.01271855]
 [ 2.46321244 -0.09069978 -0.14814782 ...  0.00587794 -0.05034581
  -0.01536949]
 [ 2.48072195 -0.10387693 -0.14710606 ... -0.03342517 -0.06828018
  -0.03891808]
 ...
 [ 1.99494566  0.09690235  0.09056885 ... -0.04718137 -0.00665778
  -0.004816  ]
 [ 1.96664994  0.0875335   0.08580893 ... -0.06208268  0.00770333
   0.01056214]
 [ 1.86919528  0.23416066 -0.01416192 ... -0.0402376   0.01302912
   0.01833759]]","(98, 13)"
./Sample-kelapa/data/cut_sample/muda/wav/muda20c.wav,muda20c.wav,immature,"[[ 2.63227441 -0.0726818  -0.06230893 ... -0.06993118 -0.00357456
   0.03375099]
 [ 2.60227888 -0.07425388 -0.0760009  ... -0.10845122 -0.01729599
   0.00875963]
 [ 2.52957572 -0.14609361 -0.11647271 ... -0.10614417 -0.01175923
  -0.00986945]
 ...
 [ 2.0042456   0.30830691 -0.20556708 ... -0.02903362 -0.01900733
  -0.08655079]
 [ 1.5310402   0.09712448 -0.14995274 ... -0.01977759 -0.01665664
  -0.04127011]
 [ 1.52653742  0.09438182 -0.13966128 ... -0.02201664  0.01511849
  -0.05069854]]","(98, 13)"
./Sample-kelapa/data/cut_sample/muda/wav/muda2a.wav,muda2a.wav,immature,"[[ 2.0964979  -0.22212022  0.13623885 ... -0.03917488 -0.02443073
  -0.01709483]
 [ 2.08456078 -0.22345545  0.15902989 ... -0.01952564 -0.00972403
  -0.00715039]
 [ 2.08812604 -0.21046043  0.1931394  ... -0.03244176 -0.01700198
   0.01931106]
 ...
 [ 1.29640881 -0.02551536  0.1703924  ... -0.01289223 -0.03946401
  -0.01739794]
 [ 1.30073255 -0.04227481  0.19922321 ... -0.00213591 -0.02665385
  -0.01600784]
 [ 1.30612937 -0.02628904  0.20358954 ...  0.00438234 -0.02393741
  -0.00761232]]","(98, 13)"
./Sample-kelapa/data/cut_sample/muda/wav/muda2b.wav,muda2b.wav,immature,"[[ 2.58246892e+00 -8.29020712e-02 -2.00827667e-01 ... -2.87889857e-02
  -2.44505849e-02 -2.20273455e-02]
 [ 2.59486549e+00 -5.41686602e-02 -1.59472712e-01 ... -1.60553552e-02
  -3.21451931e-02 -1.75479895e-03]
 [ 2.55035811e+00 -1.06388796e-01 -2.34757872e-01 ...  1.74135710e-02
  -1.50558858e-02 -2.00394410e-02]
 ...
 [ 1.67454654e+00 -6.23580296e-02 -2.86550826e-01 ... -2.83738208e-02
  -2.68545877e-03 -1.89899456e-02]
 [ 1.69231166e+00 -3.33936875e-02 -2.56587651e-01 ... -2.39940413e-02
  -1.01383810e-02 -2.54387870e-02]
 [ 1.61848968e+00 -4.98655917e-02 -2.68167231e-01 ... -9.72604790e-03
   1.83193661e-02  7.57957538e-03]]","(98, 13)"
./Sample-kelapa/data/cut_sample/muda/wav/muda2c.wav,muda2c.wav,immature,"[[ 2.47067147e+00 -2.26801671e-02 -3.01557528e-02 ... -5.12719524e-03
  -2.03647004e-02 -7.60949851e-03]
 [ 2.49150758e+00 -3.70825731e-02 -6.70132162e-02 ... -3.50377206e-02
  -4.98675733e-02 -2.22830906e-02]
 [ 2.50102685e+00 -4.37469840e-02 -5.29181309e-02 ...  5.54735714e-04
  -3.14886079e-02 -6.30948588e-03]
 ...
 [ 2.41903964e+00  2.85057719e-01 -2.57269551e-01 ... -8.74833865e-02
  -8.16759849e-02  1.10576384e-02]
 [ 2.18866882e+00  3.94204779e-01 -4.56413239e-02 ... -1.17049006e-01
  -3.91007745e-02  2.97500520e-02]
 [ 1.86153526e+00  5.13660225e-02 -1.43824592e-01 ... -2.82886455e-02
  -4.31905075e-02 -2.16670277e-03]]","(98, 13)"
./Sample-kelapa/data/cut_sample/muda/wav/muda3a.wav,muda3a.wav,immature,"[[ 2.51269552e+00 -3.01504106e-02  4.65000196e-04 ...  2.25281070e-02
   1.83117270e-02 -2.73100162e-02]
 [ 2.43598208e+00 -9.49014448e-02 -6.27911015e-02 ... -7.05307885e-03
   3.56092548e-03 -3.03103892e-03]
 [ 2.43613596e+00 -1.17666801e-01 -1.15715861e-01 ...  2.22653637e-03
  -1.77633570e-02  1.37146555e-02]
 ...
 [ 1.98047991e+00  6.69986823e-01  2.37608332e-01 ...  3.80443345e-02
   4.65492131e-02 -3.58453845e-02]
 [ 1.91246075e+00  6.61142433e-01  2.21101498e-01 ...  3.32849290e-02
   6.96477785e-02 -2.84859453e-03]
 [ 1.91824775e+00  6.68330861e-01  1.83923458e-01 ... -4.00921903e-02
   2.83155969e-02 -3.96568734e-02]]","(98, 13)"
./Sample-kelapa/data/cut_sample/muda/wav/muda3b.wav,muda3b.wav,immature,"[[ 2.52730948 -0.07700217 -0.18800871 ...  0.01706518 -0.03060977
  -0.01186296]
 [ 2.57014232 -0.09369648 -0.20153584 ...  0.02047661 -0.02634016
  -0.02984534]
 [ 2.53364416 -0.08999101 -0.18347936 ... -0.00769089  0.00653711
  -0.00772995]
 ...
 [ 1.9791379   0.44490214 -0.01145519 ... -0.0167991  -0.01841335
  -0.00614921]
 [ 1.94099412  0.45586914 -0.02558864 ... -0.02896745 -0.01105017
  -0.00455756]
 [ 1.65007714  0.21355453  0.01218359 ... -0.02874713 -0.0135504
   0.01133347]]","(98, 13)"
./Sample-kelapa/data/cut_sample/muda/wav/muda3c.wav,muda3c.wav,immature,"[[ 2.36135541 -0.08055706 -0.03292697 ... -0.0278333   0.02629629
   0.04010559]
 [ 2.36001724 -0.06665375 -0.04638018 ... -0.0488731  -0.00963043
   0.05681783]
 [ 2.34832646 -0.11913584 -0.06498031 ... -0.0321444   0.0410383
   0.05726248]
 ...
 [ 1.95415567  0.20118769 -0.32812716 ...  0.00462022  0.00967737
   0.04422747]
 [ 1.94750736  0.18726335 -0.37930798 ... -0.04209406  0.01119919
   0.08525259]
 [ 1.75011956  0.026245   -0.3483579  ... -0.05326408 -0.0310886
   0.0443486 ]]","(98, 13)"
./Sample-kelapa/data/cut_sample/muda/wav/muda4a.wav,muda4a.wav,immature,"[[ 2.50880352e+00 -2.01262161e-01 -1.51558772e-01 ... -2.55668405e-02
  -2.45713190e-02  1.50144761e-02]
 [ 2.55823073e+00 -1.13504634e-01 -1.70080144e-01 ... -1.59095766e-02
  -2.50850530e-02  2.33168970e-02]
 [ 2.54916609e+00 -1.58396393e-01 -1.80504418e-01 ... -2.72861564e-02
  -8.34556747e-02  1.75110464e-02]
 ...
 [ 2.11674954e+00 -2.30396093e-01 -3.50168770e-01 ... -5.47794556e-02
   3.00654867e-02 -1.26266374e-03]
 [ 2.01204523e+00 -1.23321341e-01 -3.15181706e-01 ... -2.41385288e-02
   5.23425205e-03 -4.31699131e-04]
 [ 1.71704548e+00 -1.20128964e-01 -1.32428542e-01 ... -6.60209309e-03
   3.17067030e-02  7.68134461e-03]]","(98, 13)"
./Sample-kelapa/data/cut_sample/muda/wav/muda4b.wav,muda4b.wav,immature,"[[ 2.62293725e+00 -5.51984057e-02 -1.63414221e-01 ... -6.11071668e-02
  -1.68044071e-02 -1.33027212e-02]
 [ 2.58908945e+00 -6.67567322e-02 -1.21077311e-01 ... -3.37882377e-02
  -3.73090764e-02  8.98539567e-03]
 [ 2.55607552e+00 -9.63242404e-02 -1.65109912e-01 ... -6.80249624e-02
  -3.54083343e-02  3.30885991e-03]
 ...
 [ 2.40849011e+00 -2.58593474e-01 -1.73582173e-01 ... -1.03861160e-03
  -4.20996505e-03  5.19463352e-03]
 [ 2.24357558e+00 -3.46588411e-01 -1.40187322e-01 ... -1.74602739e-02
   5.62170656e-03 -1.83402580e-02]
 [ 2.15936926e+00 -3.85298612e-01 -8.32279233e-02 ... -4.02241967e-02
  -1.55321486e-03 -3.16505729e-02]]","(98, 13)"
./Sample-kelapa/data/cut_sample/muda/wav/muda4c.wav,muda4c.wav,immature,"[[ 2.35230232 -0.1113458  -0.0223509  ... -0.01693552 -0.01656184
  -0.04169329]
 [ 2.38061103 -0.09661416 -0.05473412 ... -0.0155922  -0.00998808
  -0.03196954]
 [ 2.38050966 -0.05886946 -0.01505763 ... -0.02178614 -0.00833225
   0.01275676]
 ...
 [ 1.75789295  0.33664324  0.20678489 ...  0.00503604 -0.06253783
  -0.05149812]
 [ 1.44724004 -0.00808332 -0.00909419 ... -0.03634057 -0.02214875
   0.01651573]
 [ 1.40741118  0.00575155 -0.008048   ... -0.02321007 -0.01363613
   0.00277035]]","(98, 13)"
./Sample-kelapa/data/cut_sample/muda/wav/muda5a.wav,muda5a.wav,immature,"[[ 2.52896515 -0.09418084 -0.21387785 ... -0.04546958 -0.10201561
  -0.0233235 ]
 [ 2.52079274 -0.10136847 -0.18735558 ... -0.02429623 -0.10200316
  -0.01695498]
 [ 2.5193733  -0.1628834  -0.22354758 ... -0.015513   -0.092103
  -0.02663517]
 ...
 [ 1.90109951 -0.22352686  0.07037004 ... -0.08878779  0.02067733
  -0.00873585]
 [ 1.88330597 -0.22251402  0.08866484 ... -0.11042353  0.01521869
  -0.0210256 ]
 [ 1.87593338 -0.25680667  0.07450536 ... -0.10040315 -0.0044329
  -0.02794033]]","(98, 13)"
./Sample-kelapa/data/cut_sample/muda/wav/muda5b.wav,muda5b.wav,immature,"[[ 2.77063896 -0.30802727 -0.08186773 ...  0.0194767  -0.04526188
  -0.01897883]
 [ 2.75738854 -0.32874362 -0.08057476 ... -0.01683751 -0.05158699
  -0.0347739 ]
 [ 2.66687315 -0.28008939 -0.00316344 ...  0.01830796 -0.01121529
  -0.05509573]
 ...
 [ 2.26655474 -0.47179371  0.36872396 ...  0.1052789   0.00411456
  -0.08291586]
 [ 2.2468151  -0.40647277  0.35083959 ...  0.07285685 -0.0088207
  -0.07659435]
 [ 1.91646249 -0.41596352  0.32940325 ... -0.02018776 -0.01234914
  -0.02601409]]","(98, 13)"
./Sample-kelapa/data/cut_sample/muda/wav/muda5c.wav,muda5c.wav,immature,"[[ 2.54936642e+00 -1.62674558e-02 -9.07755125e-02 ... -8.72645683e-02
  -7.04925834e-02 -1.09991919e-03]
 [ 2.57301640e+00 -2.87327591e-02 -7.12500143e-02 ... -9.52253352e-02
  -8.64961188e-02 -1.75194983e-02]
 [ 2.56536037e+00 -5.21659082e-02 -8.65575443e-02 ... -1.26949300e-01
  -6.26300087e-02  2.79179273e-02]
 ...
 [ 2.71163595e+00 -1.90825403e-01 -2.24107692e-01 ... -7.11569951e-02
  -1.84243214e-02 -1.56899320e-02]
 [ 3.41344842e+00 -6.93511673e-01  1.64345464e-01 ... -4.74283901e-02
  -2.09709826e-02  2.08332185e-02]
 [ 3.75046544e+00 -9.94694146e-01  2.66933819e-01 ... -6.02149215e-02
  -2.90718032e-02 -3.05940867e-03]]","(98, 13)"
./Sample-kelapa/data/cut_sample/muda/wav/muda6a.wav,muda6a.wav,immature,"[[ 2.37316417 -0.17987457 -0.20366039 ... -0.01551478 -0.02648943
  -0.03734483]
 [ 2.3612313  -0.18170883 -0.16783972 ... -0.02285675 -0.03477651
  -0.03747283]
 [ 2.36623379 -0.1403249  -0.18516816 ... -0.02540718 -0.03332504
  -0.03947313]
 ...
 [ 2.28264584 -0.02817406  0.34701406 ...  0.01168581  0.01079038
  -0.06472022]
 [ 2.05852612 -0.04739534  0.33399195 ...  0.00897844 -0.0477872
  -0.03749188]
 [ 1.94016979 -0.22630554  0.23780955 ...  0.01528533 -0.02124179
  -0.00964309]]","(98, 13)"
./Sample-kelapa/data/cut_sample/muda/wav/muda6b.wav,muda6b.wav,immature,"[[ 2.51548861 -0.01990496 -0.09570387 ... -0.05302047 -0.07087843
  -0.00950891]
 [ 2.46684788 -0.04384785 -0.07288594 ... -0.08701697 -0.06351189
   0.00609833]
 [ 2.49977364 -0.0179059  -0.0942182  ... -0.04495937 -0.06320288
  -0.00378328]
 ...
 [ 2.20710859  0.53207703 -0.10332898 ...  0.05929125  0.00655227
  -0.06083097]
 [ 2.17195871  0.4681754  -0.15380446 ...  0.04648206 -0.01596973
  -0.06232853]
 [ 2.10610357  0.46307922 -0.15996582 ...  0.02829136  0.01691896
  -0.02345065]]","(98, 13)"
./Sample-kelapa/data/cut_sample/muda/wav/muda6c.wav,muda6c.wav,immature,"[[ 2.62980243e+00  2.53760187e-02 -4.19456084e-02 ... -2.29526587e-03
  -4.50185821e-02  1.12816421e-02]
 [ 2.58102097e+00 -3.27409724e-02  1.33757267e-02 ...  3.09797742e-02
  -6.17670190e-03 -1.42795790e-02]
 [ 2.59566263e+00 -4.76002614e-02 -5.67338418e-02 ...  8.14044038e-03
  -1.50055390e-02  2.11048895e-02]
 ...
 [ 1.94786338e+00  3.77721516e-02 -3.14319672e-01 ... -4.16137825e-02
  -1.76120032e-02 -4.25279609e-02]
 [ 1.86588615e+00  9.64296151e-02 -2.06087300e-01 ... -2.02996263e-02
  -2.14007369e-02 -3.62956471e-02]
 [ 1.80242457e+00  6.84985010e-02 -1.98093250e-01 ... -2.14934088e-02
  -4.99007579e-03 -1.93198889e-02]]","(98, 13)"
./Sample-kelapa/data/cut_sample/muda/wav/muda7a.wav,muda7a.wav,immature,"[[ 2.61643186e+00  8.00415551e-03 -7.74115933e-02 ... -2.35013442e-02
  -6.75533211e-03  2.26277926e-02]
 [ 2.66046598e+00  6.69875278e-02 -9.38856588e-02 ...  2.53862012e-02
   7.01223685e-03  5.77734744e-03]
 [ 2.57756419e+00  6.22045081e-03 -8.83086574e-02 ...  2.61280130e-02
   6.51817975e-03  6.96666648e-04]
 ...
 [ 2.04332962e+00  2.87986033e-02 -3.17952241e-01 ... -1.64170565e-03
   1.90869222e-02 -8.05325011e-03]
 [ 1.87564291e+00  1.06854375e-01 -1.73630842e-01 ...  1.47661725e-02
   1.39485567e-02  5.84747254e-03]
 [ 1.86297719e+00  1.31073995e-01 -1.14900399e-01 ...  1.63733709e-02
   1.76543547e-02  1.14035968e-02]]","(98, 13)"
./Sample-kelapa/data/cut_sample/muda/wav/muda7b.wav,muda7b.wav,immature,"[[ 2.50566753e+00  2.42657055e-02  4.09650349e-02 ... -4.38071818e-02
   7.75675667e-03 -3.48041332e-03]
 [ 2.44036412e+00  1.08212823e-02  6.55180578e-02 ... -3.43343207e-02
   5.69573583e-03 -1.22564098e-03]
 [ 2.42162529e+00  2.64825740e-02  1.15084636e-01 ... -3.65663413e-02
   1.34780099e-02  1.49677421e-02]
 ...
 [ 2.13481953e+00  2.04626682e-01  8.38713612e-02 ... -2.37027838e-02
   7.48590239e-03 -3.46230567e-02]
 [ 1.81689586e+00 -6.66759607e-02  7.85959718e-02 ... -4.90426459e-02
  -1.57123457e-02 -1.94330467e-02]
 [ 1.62525415e+00  1.81032705e-01  5.46122242e-02 ... -2.88868755e-02
  -8.21792599e-03 -4.09389335e-02]]","(98, 13)"
./Sample-kelapa/data/cut_sample/muda/wav/muda7c.wav,muda7c.wav,immature,"[[ 2.34244471e+00 -3.10262583e-01 -3.22615170e-02 ... -3.48763254e-02
  -1.06182433e-02 -6.16955563e-03]
 [ 2.36682816e+00 -2.95178834e-01 -2.27389068e-02 ... -2.66637250e-03
   7.38221086e-03 -5.67784339e-03]
 [ 2.32111528e+00 -3.22389843e-01  9.64154232e-04 ... -4.25052042e-02
   8.34117595e-03  1.09713462e-02]
 ...
 [ 1.56461159e+00  2.91004829e-01  2.61504675e-01 ... -3.11892483e-02
  -6.70878404e-02 -6.33190602e-02]
 [ 1.48125605e+00  2.40688632e-01  2.72140424e-01 ...  1.83954462e-03
  -2.34725320e-03 -3.98105648e-03]
 [ 1.45564137e+00  2.32577067e-01  2.81584592e-01 ...  9.87557213e-03
  -9.15748017e-03 -2.34182377e-02]]","(98, 13)"
./Sample-kelapa/data/cut_sample/muda/wav/muda8a.wav,muda8a.wav,immature,"[[ 2.12068485e+00 -2.45141658e-01  1.08374018e-01 ...  8.94817006e-03
   1.40752438e-02  1.53615271e-02]
 [ 2.12080015e+00 -1.81906348e-01  1.87630119e-01 ... -4.91190873e-03
  -2.02970458e-05  4.78830929e-03]
 [ 2.13231172e+00 -2.00738311e-01  1.78216292e-01 ... -1.12484795e-02
  -2.47754854e-02 -1.96175825e-02]
 ...
 [ 1.27336765e+00 -2.50323592e-01  4.67332632e-02 ...  1.67104200e-02
  -3.56023953e-02  2.64504757e-03]
 [ 1.28976906e+00 -2.75656510e-01  6.49279514e-02 ... -8.93801384e-03
  -2.21010658e-02 -6.51590366e-03]
 [ 1.30061293e+00 -2.96834215e-01  5.36025962e-02 ... -1.34071023e-02
  -3.43671870e-02 -1.18366991e-02]]","(98, 13)"
./Sample-kelapa/data/cut_sample/muda/wav/muda8b.wav,muda8b.wav,immature,"[[ 2.20945092e+00 -1.96926442e-01  1.51165103e-01 ...  7.81008677e-03
  -1.76060119e-02  5.91813351e-03]
 [ 2.19002560e+00 -1.88045940e-01  1.39624603e-01 ... -7.39003747e-03
   1.11000242e-03  1.12989336e-02]
 [ 2.19503377e+00 -1.88226043e-01  1.63274158e-01 ... -1.03894605e-02
   8.89978178e-03  3.35418156e-02]
 ...
 [ 1.26354865e+00 -3.02190720e-02 -3.70403868e-02 ... -3.29326626e-02
  -1.90487478e-02 -2.18400013e-02]
 [ 1.24634761e+00 -1.87021778e-02 -2.82149443e-02 ... -3.69150312e-02
  -1.35052106e-02 -2.23206708e-02]
 [ 1.17289653e+00 -3.33404268e-02 -5.22262716e-02 ... -3.81542580e-02
  -4.38409922e-03 -1.37871870e-02]]","(98, 13)"
./Sample-kelapa/data/cut_sample/muda/wav/muda8c.wav,muda8c.wav,immature,"[[ 2.33450076 -0.12969898 -0.01736625 ... -0.02389181 -0.01633597
  -0.00577473]
 [ 2.32676931 -0.08400292  0.05815415 ... -0.02523939 -0.01426134
   0.01442803]
 [ 2.38622783 -0.02329887  0.06846928 ... -0.03764368 -0.0048988
   0.0410372 ]
 ...
 [ 1.66139632  0.56355014  0.25554808 ... -0.053925    0.00555043
   0.03688102]
 [ 1.51899824  0.46377337  0.20471457 ... -0.05670777 -0.03307225
   0.00606094]
 [ 1.39387952  0.38370252  0.24045859 ... -0.02552518 -0.011551
   0.0090774 ]]","(98, 13)"
./Sample-kelapa/data/cut_sample/muda/wav/muda9a.wav,muda9a.wav,immature,"[[ 2.41185189e+00 -3.48634020e-03  6.32322324e-02 ...  2.34368533e-02
   1.72295134e-03 -6.16209223e-03]
 [ 2.36607481e+00 -4.14540285e-02  2.46615094e-02 ...  2.41973614e-02
   9.93336661e-03 -9.69120339e-03]
 [ 2.30474479e+00 -1.00983527e-01  1.08809400e-02 ...  4.35263786e-03
   3.98842583e-02 -1.79795258e-04]
 ...
 [ 1.63637653e+00  3.45319701e-01  3.40507900e-01 ... -5.25004890e-03
  -5.48852120e-02 -5.43934312e-02]
 [ 1.58688837e+00  2.98635421e-01  3.57819236e-01 ...  9.88643547e-03
  -5.18817937e-02 -5.53567411e-02]
 [ 1.57725097e+00  3.37821847e-01  3.87076517e-01 ...  2.68560334e-03
  -5.86891861e-02 -4.41699152e-02]]","(98, 13)"
./Sample-kelapa/data/cut_sample/muda/wav/muda9b.wav,muda9b.wav,immature,"[[ 2.38400036e+00 -1.13894738e-01 -8.18150409e-02 ... -2.58462842e-02
  -1.89726981e-02 -1.37875211e-02]
 [ 2.40970416e+00 -1.04782482e-01 -9.72300733e-02 ...  4.58066939e-02
   5.33524010e-03 -1.55788417e-02]
 [ 2.41395037e+00 -9.98713614e-02 -1.11689309e-01 ...  1.78332872e-02
  -3.44854151e-03 -3.38157860e-02]
 ...
 [ 1.33527914e+00 -2.44154081e-02  1.21504510e-01 ...  3.19720374e-02
  -5.08828212e-03 -2.23262144e-02]
 [ 1.31367541e+00 -1.94170125e-02  1.29856008e-01 ...  3.00017951e-02
  -1.74899422e-02 -2.89958603e-02]
 [ 1.27502438e+00 -3.66308444e-02  1.41159919e-01 ...  4.16407788e-02
  -7.22648501e-04 -2.84089577e-02]]","(98, 13)"
./Sample-kelapa/data/cut_sample/muda/wav/muda9c.wav,muda9c.wav,immature,"[[ 2.39855600e+00 -6.34632424e-02  8.44292581e-02 ... -3.15583102e-02
   9.42745946e-03  2.90154781e-02]
 [ 2.40036144e+00 -8.34270557e-02  3.38067426e-02 ... -4.50983962e-02
   2.93411238e-03  4.16353455e-02]
 [ 2.41135688e+00 -1.43026234e-01 -6.70604301e-02 ... -3.60177963e-03
  -1.69070341e-02 -8.17311881e-03]
 ...
 [ 1.76933406e+00 -1.49862591e-01 -3.53596732e-01 ... -3.94230096e-02
  -1.43008067e-03 -4.67876073e-02]
 [ 1.65833651e+00 -8.52826854e-02 -3.02681903e-01 ... -4.60427706e-02
  -9.36590862e-03 -3.13591916e-02]
 [ 1.63791562e+00 -6.15527625e-02 -3.25123575e-01 ... -3.50955630e-02
  -2.48304254e-02 -3.21683566e-02]]","(98, 13)"
./Sample-kelapa/data/cut_sample/tua/wav/tua10b.wav,tua10b.wav,overmature,"[[ 2.06044288e+00 -4.05586752e-01  8.02875643e-03 ...  1.26052692e-02
   1.98601411e-02 -2.11751197e-02]
 [ 2.10357545e+00 -3.81248020e-01  1.52003993e-02 ...  1.18961321e-02
   1.55026576e-02 -1.12302291e-02]
 [ 2.15951734e+00 -4.26689727e-01  3.06916046e-02 ... -3.20705004e-03
   3.11112090e-02  1.22720490e-03]
 ...
 [ 1.63555499e+00 -2.19638712e-02 -1.18786070e-01 ...  7.48220956e-02
   6.44311896e-02 -9.83775849e-03]
 [ 1.35747915e+00 -2.14778648e-01 -3.73507447e-02 ... -5.13195596e-03
   2.09500132e-02 -8.69968358e-04]
 [ 1.33093765e+00 -2.02350265e-01 -3.31160078e-02 ... -7.11423571e-03
   1.88332768e-02 -5.00683914e-03]]","(98, 13)"
./Sample-kelapa/data/cut_sample/tua/wav/tua10c.wav,tua10c.wav,overmature,"[[ 2.06452983e+00 -3.59708123e-01  7.89309870e-03 ...  1.98562337e-02
   1.72295992e-02 -1.20778436e-02]
 [ 2.06335581e+00 -3.52746266e-01  3.12736474e-02 ...  3.18438876e-02
   2.43843443e-02 -7.70089851e-03]
 [ 2.03729318e+00 -3.46317002e-01  3.49577089e-02 ...  1.93609872e-02
  -7.71376495e-04 -1.03060758e-02]
 ...
 [ 1.66226850e+00  2.84173915e-01  2.51824073e-02 ...  1.65797558e-02
   7.38617452e-02  1.05115971e-02]
 [ 1.63934574e+00  2.71070983e-01  1.34241864e-02 ...  8.04786073e-03
   7.21982737e-02  1.37794258e-02]
 [ 1.62395628e+00  2.53583357e-01  2.05334520e-02 ...  6.63460418e-03
   7.06302879e-02  1.22655242e-02]]","(98, 13)"
./Sample-kelapa/data/cut_sample/tua/wav/tua11a.wav,tua11a.wav,overmature,"[[ 1.91847036e+00 -3.78723169e-01  1.09955017e-02 ... -9.55822125e-03
   3.72854158e-02 -7.76127812e-03]
 [ 1.89770014e+00 -3.81607187e-01 -2.05996637e-02 ... -1.28151664e-02
   2.89179748e-02  1.59256297e-03]
 [ 1.85016219e+00 -4.02213306e-01  2.39951922e-02 ... -1.24681465e-02
   2.92154604e-02  1.14541061e-02]
 ...
 [ 3.36360493e+00 -3.90917056e-01  2.39221076e-01 ... -2.18023609e-02
   9.05690622e-02  1.11048318e-03]
 [ 3.19919360e+00 -3.71603235e-01  1.59855931e-01 ... -1.34745060e-02
   6.15060410e-02 -3.89931906e-02]
 [ 3.02608266e+00 -3.63497035e-01  1.69544648e-01 ...  6.09192362e-03
   2.42441799e-02 -4.53363351e-02]]","(98, 13)"
./Sample-kelapa/data/cut_sample/tua/wav/tua11b.wav,tua11b.wav,overmature,"[[ 2.03435181e+00 -3.44816536e-01  8.94332088e-02 ...  7.56594494e-04
   1.98325887e-02  4.16008845e-03]
 [ 2.01419086e+00 -3.50373422e-01  5.47494262e-02 ... -1.14618165e-02
  -4.15373765e-03  6.54880212e-03]
 [ 2.07171350e+00 -2.97893197e-01  3.89616992e-02 ... -8.41186546e-03
   3.95903783e-02  4.01453261e-02]
 ...
 [ 2.24710570e+00 -9.60761492e-01 -9.16919030e-02 ... -2.90988773e-02
  -1.94707329e-02  7.40676022e-03]
 [ 2.20909867e+00 -1.03969491e+00  9.18792173e-02 ... -1.35747366e-02
   4.78292432e-02 -5.07871010e-02]
 [ 1.49266379e+00 -3.44533445e-01  2.43537278e-04 ... -1.77226385e-02
   1.33970236e-02  4.82467580e-03]]","(98, 13)"
./Sample-kelapa/data/cut_sample/tua/wav/tua11c.wav,tua11c.wav,overmature,"[[ 2.37909859 -0.4664548  -0.22776556 ... -0.04700208  0.00669929
   0.03987162]
 [ 2.38981288 -0.48698859 -0.23505319 ... -0.06491581 -0.02720945
   0.05780838]
 [ 2.37942013 -0.49097704 -0.20927831 ... -0.04365087 -0.01685318
   0.07269273]
 ...
 [ 1.89772605 -0.07749941 -0.69861445 ... -0.00924321  0.01183149
  -0.0522469 ]
 [ 1.77263002 -0.13680902 -0.61849352 ...  0.0284106   0.06430795
  -0.00806535]
 [ 1.31716357 -0.21541532 -0.10998839 ... -0.00836725  0.00564748
   0.02287282]]","(98, 13)"
./Sample-kelapa/data/cut_sample/tua/wav/tua12a.wav,tua12a.wav,overmature,"[[ 2.10685856e+00 -3.71811317e-01  1.88265848e-02 ... -2.18662929e-03
   8.17677570e-03  5.95813578e-02]
 [ 2.10574187e+00 -3.54459275e-01 -6.39379955e-03 ...  6.49734192e-04
   2.87950584e-02  5.28049682e-02]
 [ 2.10145851e+00 -3.58206871e-01  7.39396341e-04 ... -2.08260710e-02
   7.59705986e-03  8.07625071e-03]
 ...
 [ 2.04112153e+00 -9.20174970e-01  2.12030610e-01 ... -7.93591544e-02
   5.06612506e-02 -9.07249912e-02]
 [ 2.02932468e+00 -9.67118231e-01  2.03619214e-01 ... -8.41859431e-02
   4.81646756e-02 -1.02270382e-01]
 [ 1.89199337e+00 -7.97347261e-01  1.24304831e-01 ... -2.09809219e-02
   7.94260186e-03 -4.69997353e-03]]","(98, 13)"
./Sample-kelapa/data/cut_sample/tua/wav/tua12b.wav,tua12b.wav,overmature,"[[ 2.20097576 -0.38353583 -0.05842363 ... -0.03266072  0.04226454
  -0.00925859]
 [ 2.20168765 -0.37985745 -0.07418075 ... -0.02768467  0.04546171
  -0.00911591]
 [ 2.2093291  -0.38190069 -0.07418092 ... -0.02305755  0.03869653
  -0.01879961]
 ...
 [ 2.80175653 -0.2954115   0.14711914 ... -0.20949002  0.09386701
   0.02413334]
 [ 2.17786936 -0.76946503 -0.2601198  ... -0.10783042  0.05525633
   0.05665928]
 [ 2.078823   -0.73509069 -0.17343011 ... -0.02333329  0.07961569
   0.040584  ]]","(98, 13)"
./Sample-kelapa/data/cut_sample/tua/wav/tua12c.wav,tua12c.wav,overmature,"[[ 2.62334815e+00 -8.56466586e-01  1.82992545e-01 ... -3.38630680e-02
   2.77272709e-02 -3.43236920e-03]
 [ 2.68388644e+00 -8.72974442e-01  2.12314615e-01 ... -4.81500968e-02
   3.52102189e-02  1.14528975e-02]
 [ 2.52278996e+00 -7.59384393e-01  1.56774676e-01 ... -3.47805921e-02
   2.13283010e-02  1.32415228e-02]
 ...
 [ 1.27275714e+00 -5.21083974e-02  9.94289638e-03 ...  1.80805899e-02
   1.93113513e-03  7.82916110e-03]
 [ 1.26179666e+00 -3.77877243e-02  1.47477874e-02 ...  6.29672932e-03
   2.00212198e-02  1.11944743e-02]
 [ 1.24212559e+00 -1.62940389e-02  1.92686367e-02 ... -5.62948640e-03
  -6.84572030e-03 -5.51625324e-03]]","(98, 13)"
./Sample-kelapa/data/cut_sample/tua/wav/tua13a.wav,tua13a.wav,overmature,"[[ 2.26534762e+00 -4.65723628e-01 -6.82149390e-02 ... -3.33038261e-02
   5.93969440e-02  2.43842339e-02]
 [ 2.26370867e+00 -4.70842848e-01 -8.18393242e-02 ... -4.13613773e-02
   6.27339518e-02  2.10878728e-02]
 [ 2.26287303e+00 -4.66496345e-01 -4.48191271e-02 ... -8.21585916e-03
   8.01208415e-02  4.66586414e-02]
 ...
 [ 1.11899941e+00 -1.25437889e-01 -2.00006819e-02 ... -1.42248576e-02
   2.05502338e-02 -5.09985611e-03]
 [ 1.09087268e+00 -1.14950203e-01 -1.18769235e-02 ... -7.23825767e-03
   2.36418172e-02 -2.41930591e-04]
 [ 1.07738389e+00 -1.12624691e-01 -6.98230515e-03 ... -5.38745298e-03
   1.86743416e-02  9.51707324e-04]]","(98, 13)"
./Sample-kelapa/data/cut_sample/tua/wav/tua13b.wav,tua13b.wav,overmature,"[[ 2.39481763e+00 -3.66852991e-01 -8.11970231e-02 ...  5.85079347e-02
   5.89446059e-02  1.18253184e-02]
 [ 2.38650513e+00 -4.14829933e-01 -8.19682709e-02 ...  3.60543166e-02
   6.10043573e-02  1.98363321e-02]
 [ 2.17984353e+00 -4.16560283e-01 -5.16166440e-02 ... -1.24069437e-02
   1.38462997e-02  6.49989284e-03]
 ...
 [ 2.73117182e+00  1.42121247e-01 -4.51022438e-02 ... -5.75917084e-02
  -5.04399513e-02  1.46842096e-01]
 [ 2.60713205e+00  5.29407577e-02  1.75608127e-03 ... -7.45677008e-02
  -1.10091984e-01  8.28203995e-02]
 [ 2.56806554e+00  4.60836761e-02 -1.06993291e-02 ... -6.27329210e-02
  -1.17310401e-01  9.74895780e-02]]","(98, 13)"
./Sample-kelapa/data/cut_sample/tua/wav/tua13c.wav,tua13c.wav,overmature,"[[ 2.19475762e+00 -3.42528754e-01 -4.38108738e-02 ... -1.80383422e-03
   3.55789773e-03  1.42219556e-02]
 [ 2.19053018e+00 -3.95638458e-01 -9.74562509e-02 ... -3.51942211e-02
   4.82250282e-03  3.82398374e-02]
 [ 2.18483660e+00 -3.98215512e-01 -7.00080693e-02 ... -3.04124614e-02
   3.63773955e-02  4.66096388e-02]
 ...
 [ 1.75799096e+00 -6.53245137e-01  1.01161297e-02 ... -3.74996169e-02
   5.04514999e-03  5.21836764e-04]
 [ 1.78075255e+00 -6.82267922e-01  2.41083418e-02 ... -3.25219676e-02
  -2.72569257e-03 -9.83407821e-04]
 [ 1.78029388e+00 -6.65899128e-01  3.02540582e-02 ... -5.64358632e-02
   7.30527220e-03 -9.47591320e-03]]","(98, 13)"
./Sample-kelapa/data/cut_sample/tua/wav/tua14a.wav,tua14a.wav,overmature,"[[ 2.10685856e+00 -3.71811317e-01  1.88265848e-02 ... -2.18662929e-03
   8.17677570e-03  5.95813578e-02]
 [ 2.10574187e+00 -3.54459275e-01 -6.39379955e-03 ...  6.49734192e-04
   2.87950584e-02  5.28049682e-02]
 [ 2.10145851e+00 -3.58206871e-01  7.39396341e-04 ... -2.08260710e-02
   7.59705986e-03  8.07625071e-03]
 ...
 [ 2.04112153e+00 -9.20174970e-01  2.12030610e-01 ... -7.93591544e-02
   5.06612506e-02 -9.07249912e-02]
 [ 2.02932468e+00 -9.67118231e-01  2.03619214e-01 ... -8.41859431e-02
   4.81646756e-02 -1.02270382e-01]
 [ 1.89199337e+00 -7.97347261e-01  1.24304831e-01 ... -2.09809219e-02
   7.94260186e-03 -4.69997353e-03]]","(98, 13)"
./Sample-kelapa/data/cut_sample/tua/wav/tua14b.wav,tua14b.wav,overmature,"[[ 2.03435181e+00 -3.44816536e-01  8.94332088e-02 ...  7.56594494e-04
   1.98325887e-02  4.16008845e-03]
 [ 2.01419086e+00 -3.50373422e-01  5.47494262e-02 ... -1.14618165e-02
  -4.15373765e-03  6.54880212e-03]
 [ 2.07171350e+00 -2.97893197e-01  3.89616992e-02 ... -8.41186546e-03
   3.95903783e-02  4.01453261e-02]
 ...
 [ 2.24710570e+00 -9.60761492e-01 -9.16919030e-02 ... -2.90988773e-02
  -1.94707329e-02  7.40676022e-03]
 [ 2.20909867e+00 -1.03969491e+00  9.18792173e-02 ... -1.35747366e-02
   4.78292432e-02 -5.07871010e-02]
 [ 1.49266379e+00 -3.44533445e-01  2.43537278e-04 ... -1.77226385e-02
   1.33970236e-02  4.82467580e-03]]","(98, 13)"
./Sample-kelapa/data/cut_sample/tua/wav/tua14c.wav,tua14c.wav,overmature,"[[ 2.20097576 -0.38353583 -0.05842363 ... -0.03266072  0.04226454
  -0.00925859]
 [ 2.20168765 -0.37985745 -0.07418075 ... -0.02768467  0.04546171
  -0.00911591]
 [ 2.2093291  -0.38190069 -0.07418092 ... -0.02305755  0.03869653
  -0.01879961]
 ...
 [ 2.80175653 -0.2954115   0.14711914 ... -0.20949002  0.09386701
   0.02413334]
 [ 2.17786936 -0.76946503 -0.2601198  ... -0.10783042  0.05525633
   0.05665928]
 [ 2.078823   -0.73509069 -0.17343011 ... -0.02333329  0.07961569
   0.040584  ]]","(98, 13)"
./Sample-kelapa/data/cut_sample/tua/wav/tua15a.wav,tua15a.wav,overmature,"[[ 2.35381664e+00 -5.19607540e-01 -1.02001555e-01 ... -7.00814537e-02
   2.47329893e-02  5.04033349e-02]
 [ 2.34598039e+00 -5.16090956e-01 -1.18638698e-01 ... -4.09048325e-02
   5.30858585e-03  2.60116316e-02]
 [ 2.30097915e+00 -5.22729034e-01 -1.39250501e-01 ... -1.40771844e-02
   2.57902034e-02  5.52718380e-03]
 ...
 [ 1.75019039e+00 -2.13837075e-01 -5.57480912e-01 ... -5.51844546e-04
  -3.13717866e-02  2.08013649e-02]
 [ 1.75039592e+00 -2.18564868e-01 -5.74647387e-01 ... -3.90845153e-03
  -2.06453444e-02  1.07337704e-02]
 [ 1.73117641e+00 -2.28703794e-01 -5.64087404e-01 ...  4.64978128e-03
  -1.52924212e-02  1.16116606e-02]]","(98, 13)"
./Sample-kelapa/data/cut_sample/tua/wav/tua15b.wav,tua15b.wav,overmature,"[[ 2.16355568e+00 -3.47316641e-01  8.03950647e-03 ...  4.72626179e-02
   2.80589637e-02  1.07239232e-02]
 [ 2.12808295e+00 -3.75625686e-01 -1.22339366e-03 ...  3.06653350e-02
   2.52217043e-02  5.19044154e-03]
 [ 2.09603758e+00 -4.05933907e-01  6.81611661e-03 ...  2.66187790e-02
   1.62469799e-02 -5.74993585e-04]
 ...
 [ 1.42793120e+00 -1.79115506e-01 -4.05399353e-02 ...  2.68535705e-02
  -1.19514213e-02  6.84032879e-03]
 [ 1.40604687e+00 -1.99865542e-01 -2.35836109e-02 ...  2.49216988e-02
  -1.32397606e-02 -2.90238293e-03]
 [ 1.37760052e+00 -1.48470694e-01  4.28788765e-03 ...  2.57941264e-02
   3.48057875e-03  4.42583652e-04]]","(98, 13)"
./Sample-kelapa/data/cut_sample/tua/wav/tua15c.wav,tua15c.wav,overmature,"[[ 2.05844476e+00 -3.31655542e-01  2.95097606e-02 ...  2.34613613e-02
   3.01834488e-02  2.67954789e-02]
 [ 2.05776502e+00 -3.21690508e-01  3.72829457e-02 ...  1.97464831e-02
   2.42111393e-02  5.35924105e-03]
 [ 2.04028571e+00 -3.55408220e-01  2.49750001e-02 ... -6.30107708e-03
  -1.19456673e-02 -2.01346794e-02]
 ...
 [ 2.52088017e+00 -4.94206631e-01 -7.61300472e-01 ... -5.41623076e-03
  -8.84912452e-02  7.00770561e-02]
 [ 2.49127041e+00 -4.90997816e-01 -7.62099341e-01 ...  9.58179879e-03
  -9.66312083e-02  5.78267674e-02]
 [ 2.34576473e+00 -5.75189252e-01 -7.05457108e-01 ...  2.30584130e-03
  -7.63750853e-02  8.91946217e-02]]","(98, 13)"
./Sample-kelapa/data/cut_sample/tua/wav/tua16a.wav,tua16a.wav,overmature,"[[ 2.19855596e+00 -4.17953527e-01 -7.32321048e-02 ... -2.27532979e-02
   1.06832413e-03  2.07502264e-02]
 [ 2.17659690e+00 -3.67634418e-01 -4.71573359e-02 ...  1.13231469e-02
   1.97104202e-02  3.03030938e-03]
 [ 2.15882848e+00 -3.53732215e-01 -5.18925700e-02 ... -1.10721339e-02
   2.68943845e-02  1.64064684e-02]
 ...
 [ 2.25709274e+00  6.10874244e-01 -1.68363905e-01 ...  7.09018276e-02
   6.22883919e-02 -7.95786225e-02]
 [ 1.80362578e+00  4.73749817e-01  2.15617292e-01 ... -3.70297998e-02
  -2.72167284e-02 -3.23546202e-02]
 [ 1.34467385e+00 -5.86023920e-02 -8.09374611e-02 ... -2.04606709e-03
   3.17454963e-02 -1.24414943e-02]]","(98, 13)"
./Sample-kelapa/data/cut_sample/tua/wav/tua16b.wav,tua16b.wav,overmature,"[[ 2.25898863 -0.30789589 -0.12512772 ... -0.01771385  0.05750008
   0.02288789]
 [ 2.23973475 -0.3069009  -0.10253115 ... -0.04112992  0.04807926
   0.02862976]
 [ 2.23558411 -0.31367513 -0.10894491 ... -0.04278387  0.0423768
   0.02804871]
 ...
 [ 2.0046249  -0.14796355 -0.59991206 ... -0.07974935  0.0551321
  -0.02906684]
 [ 1.96874504 -0.14230228 -0.60624034 ... -0.09340819  0.0555036
  -0.02478912]
 [ 1.7594813  -0.27357319 -0.46188922 ... -0.07387919  0.04061933
  -0.02562419]]","(98, 13)"
./Sample-kelapa/data/cut_sample/tua/wav/tua16c.wav,tua16c.wav,overmature,"[[ 2.28071101e+00 -4.68544465e-01 -5.98528358e-02 ...  2.14225413e-02
  -5.31373930e-03  2.62585635e-02]
 [ 2.22892787e+00 -4.75665478e-01 -1.72479335e-02 ...  3.78774057e-02
  -2.66982105e-02 -1.64920478e-02]
 [ 2.22840234e+00 -4.75043020e-01 -3.36950561e-02 ...  5.25571219e-02
  -2.18084798e-02 -6.73032145e-03]
 ...
 [ 2.76302299e+00 -3.19027891e-01  2.40953384e-01 ...  5.16432756e-03
  -4.34125515e-02 -1.05335759e-01]
 [ 2.10062176e+00 -9.78972446e-01  3.40837744e-01 ... -3.36592115e-02
   3.73598469e-02 -1.59539599e-02]
 [ 1.99736068e+00 -8.48887144e-01  3.28811129e-01 ... -7.29074353e-03
  -4.53232444e-03  5.74596825e-04]]","(98, 13)"
./Sample-kelapa/data/cut_sample/tua/wav/tua18b.wav,tua18b.wav,overmature,"[[ 2.10107246e+00 -3.07546436e-01 -1.79392945e-02 ... -1.53451796e-02
   1.64818641e-03  2.07580275e-02]
 [ 2.10393259e+00 -3.08421409e-01 -4.44849139e-03 ... -1.43349758e-02
  -1.46772298e-03  1.26024226e-02]
 [ 2.10807949e+00 -3.09118969e-01 -3.15665066e-02 ... -2.69705249e-02
  -2.83523912e-03  1.66254006e-02]
 ...
 [ 2.34527393e+00 -7.85141763e-01 -2.18731766e-01 ... -6.25741014e-02
  -2.17147260e-02 -4.86164857e-03]
 [ 2.11889171e+00 -7.70658413e-01 -2.17239310e-01 ... -2.30707538e-02
   1.11050098e-01 -6.95928313e-02]
 [ 1.65492491e+00 -2.25635659e-01 -4.47591241e-01 ...  8.45133863e-02
   3.71708537e-03  1.98910641e-02]]","(98, 13)"
./Sample-kelapa/data/cut_sample/tua/wav/tua18c.wav,tua18c.wav,overmature,"[[ 2.06204122e+00 -3.58548634e-01 -7.16713081e-03 ...  2.38499823e-02
   9.44159192e-04 -1.32036598e-02]
 [ 2.10262690e+00 -3.48094124e-01 -8.30635441e-03 ...  2.40087621e-02
  -1.09371148e-02 -7.32630808e-03]
 [ 2.11825121e+00 -3.53774041e-01  1.32504465e-02 ...  2.85116668e-02
   8.71838611e-03  3.62641978e-03]
 ...
 [ 2.58414624e+00 -1.54962776e-01  2.29750304e-01 ... -1.70168538e-02
   5.71117385e-02 -4.73885772e-02]
 [ 1.91685641e+00 -6.33976536e-01 -2.90155302e-01 ...  6.32090612e-02
   2.79958834e-02  3.32877458e-02]
 [ 1.37888189e+00 -2.58617008e-01 -5.35104501e-03 ...  4.92319219e-04
   2.12267916e-05  7.25884965e-03]]","(98, 13)"
./Sample-kelapa/data/cut_sample/tua/wav/tua20b.wav,tua20b.wav,overmature,"[[ 2.24338555e+00 -3.16085620e-01 -1.11514153e-01 ...  2.30884880e-02
   1.22989171e-02  1.16163655e-02]
 [ 2.19596523e+00 -3.36504997e-01 -6.08970219e-02 ...  1.49311928e-02
   7.33198481e-03  1.61906500e-02]
 [ 2.18585606e+00 -3.65884604e-01 -6.68612630e-02 ...  4.09119683e-03
  -4.24738256e-03 -1.39084313e-05]
 ...
 [ 2.32520365e+00 -4.70871896e-01 -7.51313938e-01 ...  4.90649958e-02
  -3.80865830e-02 -6.72029298e-03]
 [ 2.28813618e+00 -4.67847710e-01 -6.87765499e-01 ...  5.14619180e-02
  -8.51793960e-03 -1.65878761e-02]
 [ 2.10305638e+00 -3.12512950e-01 -6.74650415e-01 ... -6.49366486e-02
   4.10063610e-02 -8.29716600e-02]]","(98, 13)"
./Sample-kelapa/data/cut_sample/tua/wav/tua20c.wav,tua20c.wav,overmature,"[[ 2.16424163e+00 -3.98458824e-01 -4.30814189e-03 ...  2.90612750e-02
  -1.34625240e-02 -4.54828093e-02]
 [ 2.20073370e+00 -3.86286569e-01  1.59869307e-03 ...  3.93699493e-02
  -1.10657163e-02 -3.36459834e-02]
 [ 2.19059104e+00 -3.51864065e-01 -1.45823982e-02 ...  3.73411567e-02
  -1.53518630e-02 -5.71619793e-02]
 ...
 [ 2.87603936e+00 -2.75051009e-01  8.57320731e-02 ...  2.17650385e-02
   2.92083936e-02  1.81458737e-02]
 [ 3.17461846e+00 -5.88914747e-01  1.64926197e-01 ...  5.46619736e-03
  -4.70022320e-02 -5.82513947e-02]
 [ 3.36319792e+00 -7.73687194e-01  1.89296238e-01 ...  3.34145374e-02
  -6.90646929e-02 -6.79000961e-02]]","(98, 13)"
./Sample-kelapa/data/cut_sample/tua/wav/tua2a.wav,tua2a.wav,overmature,"[[ 2.96735757e+00 -6.80412357e-01 -1.30936808e-01 ...  4.32795667e-03
  -1.71832820e-02 -6.53677931e-02]
 [ 2.96627868e+00 -6.35224102e-01 -1.17128467e-01 ... -2.03542325e-02
  -1.54284775e-02 -3.54726500e-02]
 [ 2.93155572e+00 -6.36469271e-01 -1.36081963e-01 ... -1.67101858e-02
  -9.11602829e-03 -4.74572247e-02]
 ...
 [ 2.58617543e+00 -5.85381423e-01 -2.06092705e-01 ... -3.12134632e-03
   2.84582567e-02  1.59214952e-02]
 [ 2.64713700e+00 -6.90877918e-01 -1.60652700e-01 ...  3.03752290e-02
   6.90888990e-03 -2.16578255e-03]
 [ 2.85932931e+00 -9.55144546e-01 -1.23663721e-01 ...  4.54728168e-02
   2.09994528e-02  1.11958654e-02]]","(98, 13)"
./Sample-kelapa/data/cut_sample/tua/wav/tua2b.wav,tua2b.wav,overmature,"[[ 2.22207719e+00 -4.63571007e-01  1.02708539e-01 ... -2.49821083e-02
   9.17559768e-03  2.04196033e-03]
 [ 2.28031566e+00 -5.49099307e-01  9.56057137e-02 ... -1.01700003e-02
   2.95678266e-03 -1.31703154e-02]
 [ 2.31756642e+00 -5.59272095e-01  1.12912262e-01 ... -1.21589677e-03
   2.70265426e-02 -1.12270828e-02]
 ...
 [ 3.38243514e+00 -4.49251435e-01 -4.56768026e-02 ... -9.27090510e-04
  -6.58722695e-02  1.89010876e-02]
 [ 3.36670256e+00 -2.74696100e-01  4.87563677e-02 ... -8.98476063e-03
  -6.31382927e-02 -4.40734481e-04]
 [ 3.29276129e+00 -2.79382215e-01  3.27604094e-02 ...  2.53628876e-02
  -3.66135813e-02 -9.46086430e-03]]","(98, 13)"
./Sample-kelapa/data/cut_sample/tua/wav/tua2c.wav,tua2c.wav,overmature,"[[ 2.02153167 -0.32578074  0.02205792 ... -0.00555428 -0.00402797
  -0.00263367]
 [ 2.05101933 -0.37331431  0.05417415 ...  0.00843139  0.0173374
   0.01851908]
 [ 2.03856743 -0.35215831  0.01704529 ...  0.01081458  0.00733655
  -0.00271228]
 ...
 [ 1.55080758  0.17981401 -0.01272354 ...  0.00475939 -0.01059654
  -0.03603586]
 [ 1.26758999 -0.03596837 -0.00464278 ...  0.00289608 -0.01331234
  -0.02319261]
 [ 1.26091566 -0.03596268 -0.00835705 ...  0.00744989 -0.02948514
  -0.02246138]]","(98, 13)"
./Sample-kelapa/data/cut_sample/tua/wav/tua4a.wav,tua4a.wav,overmature,"[[ 2.17496825 -0.36037525 -0.04642443 ...  0.05044171  0.06915837
  -0.04792355]
 [ 2.14649111 -0.35085404 -0.06569922 ...  0.03974871  0.04714905
  -0.02404277]
 [ 2.1706959  -0.32989862 -0.09351829 ...  0.00620755  0.04303395
  -0.01574867]
 ...
 [ 2.32603783 -0.83309639 -0.23671539 ... -0.07578903  0.11748605
  -0.10430155]
 [ 2.33450199 -0.8203982  -0.26322877 ... -0.09717497  0.09876378
  -0.06683036]
 [ 2.14122403 -0.72662695 -0.11216426 ... -0.17877478  0.09259806
  -0.005888  ]]","(98, 13)"
./Sample-kelapa/data/cut_sample/tua/wav/tua8a.wav,tua8a.wav,overmature,"[[ 2.18390396 -0.44852763  0.05438186 ...  0.01331605  0.02894527
  -0.01622592]
 [ 2.16254893 -0.45352098  0.09350491 ...  0.00446967  0.03995866
  -0.0236083 ]
 [ 2.11941284 -0.42719124  0.08232216 ...  0.00253503  0.01682712
  -0.02296103]
 ...
 [ 2.02862879 -0.60045466 -0.4738648  ...  0.06974245 -0.05298629
  -0.03746262]
 [ 1.93388046 -0.59592119 -0.42124722 ...  0.06464204 -0.04190293
  -0.02942374]
 [ 1.88582863 -0.55544471 -0.36805691 ...  0.02026838 -0.0334837
  -0.00424015]]","(98, 13)"
./Sample-kelapa/data/cut_sample/tua/wav/tua8b.wav,tua8b.wav,overmature,"[[ 2.05371363e+00 -3.14118374e-01  5.74558529e-02 ...  1.38472534e-02
   2.72001407e-02 -2.37922858e-03]
 [ 2.03479934e+00 -3.11125581e-01  4.22677708e-02 ...  1.68652364e-02
   3.47736168e-02 -1.50841803e-02]
 [ 2.00793748e+00 -3.40894179e-01  4.56239167e-02 ...  5.27921244e-03
   5.39505950e-03 -9.94971396e-03]
 ...
 [ 1.20112758e+00 -1.86505254e-01 -6.24480273e-02 ... -2.01099123e-02
   1.68116750e-04 -8.86180459e-03]
 [ 1.17940061e+00 -1.65944159e-01 -4.97749241e-02 ... -8.22791206e-03
   1.36207843e-02  8.04867938e-03]
 [ 1.17980700e+00 -1.61740425e-01 -7.57198865e-02 ... -3.14552905e-03
   1.40358041e-02  1.06534691e-02]]","(98, 13)"
./Sample-kelapa/data/cut_sample/tua/wav/tua8c.wav,tua8c.wav,overmature,"[[ 1.98222159e+00 -3.14835811e-01  6.18477344e-02 ... -7.20361132e-03
   9.53527145e-03  2.69543151e-04]
 [ 1.99692518e+00 -2.91471369e-01  3.97032115e-02 ... -8.22250805e-03
  -2.59867185e-03 -7.89497933e-03]
 [ 1.99720750e+00 -3.07259088e-01  5.44386126e-02 ...  5.40615280e-03
   2.07272625e-03  1.19848663e-02]
 ...
 [ 2.87351975e+00 -6.65815634e-01  1.95123718e-01 ...  2.73474078e-02
   1.11487505e-01 -4.69549305e-03]
 [ 2.28334929e+00 -1.11538486e+00  2.53109773e-01 ...  8.04846548e-02
   1.09434821e-02 -5.41390237e-02]
 [ 2.13836511e+00 -1.04314713e+00  3.12172643e-01 ...  4.30186285e-02
  -4.66345882e-02 -5.59342077e-03]]","(98, 13)"
