,full_path,file_name,class_name,feature_array,feature_array_size
0,./Sample-kelapa/data/cut_sample/matang/wav/mtg10a.wav,mtg10a.wav,mature,"[[ 2.00009825e+00 -3.23122781e-01  1.55573374e-02 ... -8.56242748e-03
  -5.87987160e-03 -1.14486201e-02]
 [ 2.02122263e+00 -2.93776390e-01  1.84971701e-02 ...  3.12178818e-03
   3.10964858e-03 -1.27507363e-02]
 [ 2.03700220e+00 -3.10501154e-01  1.21652030e-02 ... -5.28629009e-03
  -1.43559392e-02 -1.98843987e-03]
 ...
 [ 1.35246519e+00 -1.25170233e-01 -4.43595536e-02 ...  1.05481829e-02
   5.45028900e-03  4.76109674e-03]
 [ 1.33225538e+00 -1.34225266e-01 -3.78483511e-02 ... -4.18585697e-03
  -1.02811110e-02 -1.96915024e-03]
 [ 1.31965770e+00 -1.18918318e-01 -1.37023519e-02 ... -1.61694861e-03
  -5.81880735e-03 -2.78760645e-03]]","(98, 22)"
1,./Sample-kelapa/data/cut_sample/matang/wav/mtg10b.wav,mtg10b.wav,mature,"[[ 2.03020507e+00 -3.08123169e-01  2.39846089e-02 ...  3.01224391e-03
  -1.56600956e-02 -1.16258225e-02]
 [ 2.01855074e+00 -3.29777927e-01 -9.38913831e-03 ...  1.36012455e-02
  -3.16740020e-03 -2.70488888e-02]
 [ 2.03659487e+00 -2.85375464e-01  2.73765100e-02 ...  3.91147087e-03
  -2.43755075e-02 -1.94130587e-03]
 ...
 [ 1.26827106e+00 -1.30633258e-01 -3.28671651e-02 ...  5.86841421e-05
  -6.60447371e-03 -1.11385468e-02]
 [ 1.27004043e+00 -1.60092751e-01 -2.49307532e-02 ...  5.62064881e-03
  -6.44921555e-03 -7.33404862e-03]
 [ 1.26492875e+00 -1.75092474e-01 -4.25794645e-02 ...  1.17476484e-02
  -1.61344646e-02 -2.08093362e-03]]","(98, 22)"
2,./Sample-kelapa/data/cut_sample/matang/wav/mtg10c.wav,mtg10c.wav,mature,"[[ 2.05320159e+00 -3.09262719e-01  1.03962221e-02 ... -3.07120804e-03
  -4.43834645e-03 -1.66122493e-02]
 [ 2.02692944e+00 -3.33915695e-01  3.07541391e-02 ... -7.10271911e-04
  -3.70039579e-03  2.90031484e-04]
 [ 2.03456280e+00 -3.30492473e-01  3.20866352e-02 ...  7.98963771e-03
  -2.44348593e-02 -2.43371806e-02]
 ...
 [ 1.68172714e+00  3.11150855e-02 -4.14794868e-01 ... -3.95531604e-03
  -6.20316878e-02 -1.50533218e-02]
 [ 1.59273563e+00  5.96956033e-02 -3.25155825e-01 ...  2.71433587e-02
  -2.15287428e-02 -5.61509056e-02]
 [ 1.57446987e+00  6.63954818e-02 -3.63823919e-01 ...  1.93314999e-02
  -2.28165538e-02 -5.81977057e-02]]","(98, 22)"
3,./Sample-kelapa/data/cut_sample/matang/wav/mtg11a.wav,mtg11a.wav,mature,"[[ 2.15249776 -0.27458827 -0.01020262 ...  0.01634961 -0.0138101
  -0.00964106]
 [ 2.15987422 -0.31120609 -0.04612529 ... -0.01067671 -0.02905866
  -0.00829775]
 [ 2.17426709 -0.28833568 -0.03192927 ...  0.01923173  0.0106067
   0.01438441]
 ...
 [ 2.42485064 -0.30688667 -0.5550231  ...  0.02830929 -0.01082433
   0.10530486]
 [ 2.3708073  -0.27828142 -0.54137436 ...  0.04341255 -0.01508085
   0.10350209]
 [ 2.16546895 -0.41778047 -0.4623441  ...  0.02487272 -0.06902107
   0.01730653]]","(98, 22)"
4,./Sample-kelapa/data/cut_sample/matang/wav/mtg11b.wav,mtg11b.wav,mature,"[[ 2.08543327e+00 -3.48263053e-01 -2.70085475e-02 ...  1.26394892e-02
  -9.32348930e-03 -1.76704116e-03]
 [ 2.07239308e+00 -3.36073351e-01 -1.78916419e-02 ...  1.39360318e-02
  -1.25028540e-02 -1.91685863e-02]
 [ 2.07475240e+00 -3.36499091e-01 -8.42009351e-03 ...  4.11367609e-05
  -7.00758706e-03 -1.20499283e-02]
 ...
 [ 1.77339196e+00 -5.19252443e-01 -1.40483722e-01 ...  1.94133711e-02
  -5.89117716e-02  7.40050686e-02]
 [ 1.25777716e+00 -8.33497046e-02 -1.19374945e-02 ...  5.13790304e-03
  -4.76269654e-03  7.78460431e-03]
 [ 1.24733388e+00 -1.00796751e-01 -2.13744774e-02 ...  1.91533622e-03
  -2.20278959e-02  3.85125071e-03]]","(98, 22)"
5,./Sample-kelapa/data/cut_sample/matang/wav/mtg11c.wav,mtg11c.wav,mature,"[[ 2.17030735e+00 -2.99511133e-01 -3.83391940e-02 ... -4.59075586e-04
   8.89128922e-03  4.96165616e-03]
 [ 2.17139958e+00 -3.11329884e-01 -3.72250179e-02 ...  5.00810131e-03
  -5.62169464e-03 -8.60388961e-03]
 [ 2.18296281e+00 -2.92093601e-01 -3.57487813e-02 ...  9.11921069e-03
  -6.94674852e-03 -1.94459769e-02]
 ...
 [ 3.04449183e+00 -3.92230389e-01  1.59495922e-01 ... -6.58789431e-03
  -4.06598098e-02  8.03700035e-03]
 [ 2.94988778e+00 -5.96379186e-01  7.96302162e-02 ... -3.68570958e-02
  -7.29682041e-02  2.01483622e-02]
 [ 2.27667532e+00 -9.90139913e-01  1.03561452e-01 ...  8.22496538e-03
  -3.32419031e-03  4.41830307e-02]]","(98, 22)"
8,./Sample-kelapa/data/cut_sample/matang/wav/mtg12c.wav,mtg12c.wav,mature,"[[ 2.19006599e+00 -3.87716514e-01  1.13678783e-02 ...  2.69787320e-03
  -9.98185526e-03  2.72658904e-03]
 [ 2.12304016e+00 -3.95219303e-01  7.12593233e-03 ... -1.33304292e-03
  -1.23332911e-02 -4.08840555e-03]
 [ 2.13190912e+00 -3.82028085e-01  6.53743242e-03 ... -8.37457724e-03
   5.31051983e-03  4.22253543e-03]
 ...
 [ 2.42348731e+00 -3.54590891e-01 -5.12836704e-01 ... -3.10539713e-03
  -1.21441692e-01  2.43441749e-02]
 [ 2.42334337e+00 -3.85313492e-01 -5.00841119e-01 ... -6.74752208e-03
  -1.09815713e-01  2.60513095e-02]
 [ 1.85642713e+00 -3.74909595e-01 -5.84531075e-01 ...  2.21986290e-02
   2.37353156e-02 -7.05166958e-04]]","(98, 22)"
9,./Sample-kelapa/data/cut_sample/matang/wav/mtg13a.wav,mtg13a.wav,mature,"[[ 2.48132845e+00 -5.35641247e-01 -6.59678228e-02 ...  7.39511986e-03
  -2.49847831e-02 -5.56876037e-03]
 [ 2.40990633e+00 -5.04482897e-01 -5.78635082e-02 ...  1.86858161e-02
  -2.05730093e-02  2.94268715e-03]
 [ 2.40737504e+00 -4.62565486e-01 -2.63199576e-02 ...  1.22849342e-02
  -1.93992163e-02 -4.83177833e-03]
 ...
 [ 3.19698481e+00 -3.55326013e-01  1.07344353e-01 ... -7.34468340e-03
  -1.11576754e-02  2.24257605e-02]
 [ 3.10856227e+00 -2.80633095e-01  3.36499900e-02 ...  5.59676244e-03
   4.40303332e-03  1.71670367e-02]
 [ 2.65495943e+00 -3.66021262e-01 -1.61788353e-01 ...  1.04034054e-02
   1.64564142e-02  4.98732201e-02]]","(98, 22)"
10,./Sample-kelapa/data/cut_sample/matang/wav/mtg13b.wav,mtg13b.wav,mature,"[[ 2.44113720e+00 -4.06566261e-01 -2.39556301e-01 ... -5.68655572e-03
   1.49362868e-02  1.99091774e-02]
 [ 2.44897533e+00 -4.35440178e-01 -1.98939041e-01 ... -2.00548705e-03
  -8.99951436e-03  2.02170898e-02]
 [ 2.35077458e+00 -4.46863446e-01 -1.99916229e-01 ...  1.44186666e-02
   1.40945389e-02  2.13283908e-02]
 ...
 [ 2.19585184e+00  5.96436500e-01 -1.07398579e-01 ... -5.60592982e-02
  -7.83064487e-02  2.96460778e-02]
 [ 1.72130787e+00  4.71572471e-01  3.52525119e-01 ... -3.20265116e-02
  -6.14814839e-03  2.61660475e-02]
 [ 1.71619119e+00  4.94030906e-01  3.55187205e-01 ... -2.98313267e-02
  -3.76564348e-02 -7.54042506e-03]]","(98, 22)"
11,./Sample-kelapa/data/cut_sample/matang/wav/mtg13c.wav,mtg13c.wav,mature,"[[ 2.02633203e+00 -3.51239720e-01  2.31359349e-02 ...  3.35207914e-03
  -8.82376034e-03 -1.83626759e-02]
 [ 2.03732173e+00 -3.22363751e-01  3.96207745e-02 ...  9.99384288e-03
   4.00778797e-03 -1.52623492e-02]
 [ 2.02992058e+00 -3.11727092e-01  2.81616707e-02 ...  1.50495995e-03
  -6.58267875e-03 -1.89341772e-03]
 ...
 [ 1.72578245e+00  4.35960574e-01  7.20457935e-02 ... -2.06056292e-02
   1.63293259e-02  2.20569088e-02]
 [ 1.74771813e+00  4.62810908e-01  9.37485973e-02 ... -2.96886683e-02
   1.09982084e-02  2.60100433e-02]
 [ 1.65626360e+00  3.83261990e-01  1.22723297e-01 ... -2.72233039e-02
  -5.88300336e-02 -2.81116750e-02]]","(98, 22)"
12,./Sample-kelapa/data/cut_sample/matang/wav/mtg14a.wav,mtg14a.wav,mature,"[[ 2.43464722e+00 -5.01010051e-01  1.56948664e-02 ... -2.65623575e-03
  -9.44582629e-03  1.48154487e-02]
 [ 2.43213683e+00 -4.89058551e-01  6.52076954e-02 ...  1.75326263e-02
   4.64249442e-03  2.44985406e-02]
 [ 2.45812301e+00 -5.42122607e-01  4.70567287e-02 ...  1.71433872e-02
   2.33538519e-03  6.92340241e-03]
 ...
 [ 2.48547214e+00 -8.56405142e-02 -2.30276948e-01 ... -3.54084235e-02
  -2.00716447e-02 -3.68650600e-02]
 [ 2.49943946e+00 -7.89219314e-02 -1.92052803e-01 ... -3.30446972e-02
  -2.30440747e-02 -4.31532427e-02]
 [ 2.39111703e+00 -1.78256292e-01 -2.57361371e-01 ... -3.79412979e-02
  -4.14556750e-02 -8.17422319e-02]]","(98, 22)"
13,./Sample-kelapa/data/cut_sample/matang/wav/mtg14b.wav,mtg14b.wav,mature,"[[ 2.19095379e+00 -3.83324002e-01 -5.81864175e-02 ... -2.99605372e-02
   8.22316125e-04  2.24501624e-02]
 [ 2.16491183e+00 -3.93961117e-01 -2.50777863e-02 ... -3.05372598e-03
  -1.42347292e-02  6.28033311e-03]
 [ 2.17205151e+00 -4.08089375e-01 -6.35261073e-02 ... -2.04394420e-02
  -2.25270428e-02  1.07782476e-02]
 ...
 [ 1.98069976e+00 -1.38990527e-02 -4.06118237e-01 ...  2.76907838e-02
  -3.50334762e-02  3.47076591e-02]
 [ 1.90567780e+00  5.36819058e-02 -3.10760138e-01 ... -3.67240181e-03
   5.62433756e-02  3.31882163e-02]
 [ 1.95593547e+00  8.05292626e-02 -3.75254130e-01 ...  7.74619581e-04
   3.14624161e-02  1.01459390e-02]]","(98, 22)"
14,./Sample-kelapa/data/cut_sample/matang/wav/mtg14c.wav,mtg14c.wav,mature,"[[ 2.20234905e+00 -2.96352776e-01 -2.33379047e-02 ... -1.73548741e-05
  -1.27458500e-02 -2.72185317e-04]
 [ 2.18921680e+00 -2.90520973e-01  4.18841965e-03 ... -1.92134513e-03
  -9.63458336e-03  2.98605063e-03]
 [ 2.19271276e+00 -2.80067136e-01 -2.31513161e-02 ...  4.87711813e-03
  -9.07769770e-04  1.63800524e-02]
 ...
 [ 2.75563645e+00 -6.61264258e-01 -3.12655469e-01 ... -4.14723104e-02
  -2.24386821e-02 -6.93119049e-02]
 [ 2.69270674e+00 -6.39365418e-01 -1.65766555e-01 ... -3.98834640e-02
  -5.02175833e-02 -5.82592578e-02]
 [ 2.61674646e+00 -5.40310664e-01 -3.28491768e-01 ... -7.10440541e-02
  -6.67588238e-03 -6.90999631e-02]]","(98, 22)"
15,./Sample-kelapa/data/cut_sample/matang/wav/mtg15a.wav,mtg15a.wav,mature,"[[ 2.07684515e+00 -3.78545598e-01  4.97943345e-02 ...  9.12553853e-03
  -7.66507799e-03  3.95261952e-03]
 [ 2.05302651e+00 -3.70722831e-01  2.55532439e-02 ...  5.25000627e-03
  -1.09431543e-02  5.83986077e-03]
 [ 2.05961482e+00 -3.28793668e-01  2.23914669e-02 ...  2.23506956e-02
  -1.10295758e-02 -1.90563074e-02]
 ...
 [ 1.68116335e+00  8.92684175e-02 -2.93199469e-01 ... -3.46178529e-02
   1.11373640e-02  6.10770774e-02]
 [ 1.29322207e+00 -1.07176152e-01 -3.49362623e-02 ... -3.37486581e-03
  -6.35078650e-03 -4.19696834e-04]
 [ 1.28845828e+00 -1.07773278e-01 -4.97499078e-02 ... -2.05715372e-02
  -9.31353863e-03  6.45665584e-03]]","(98, 22)"
18,./Sample-kelapa/data/cut_sample/matang/wav/mtg16a.wav,mtg16a.wav,mature,"[[ 2.13237666e+00 -3.97101104e-01 -4.08771813e-02 ... -1.21893112e-02
  -3.68924754e-03  4.34274763e-03]
 [ 2.13022449e+00 -4.08460317e-01 -3.03085150e-02 ... -1.59909166e-02
  -1.10464950e-02  1.83428141e-03]
 [ 2.16664795e+00 -4.07288310e-01 -4.07095192e-02 ... -6.17716194e-03
  -7.81846193e-03  8.52137314e-03]
 ...
 [ 2.67745375e+00 -1.21736566e+00 -1.34159516e-01 ...  1.82970032e-02
  -2.37027820e-02  4.05744341e-02]
 [ 2.75798827e+00 -1.25474588e+00 -1.38534732e-01 ...  1.02616113e-02
  -1.53284691e-02  3.80791459e-02]
 [ 2.79199969e+00 -1.25414085e+00 -1.56470065e-01 ...  1.04824088e-02
  -6.92161950e-03  4.46330696e-02]]","(98, 22)"
19,./Sample-kelapa/data/cut_sample/matang/wav/mtg16b.wav,mtg16b.wav,mature,"[[ 2.31711367e+00 -4.73902497e-01 -1.42150992e-01 ...  1.63029458e-02
  -1.02038493e-02 -1.29268308e-02]
 [ 2.30824431e+00 -4.70346088e-01 -1.10002777e-01 ...  2.99296072e-05
  -9.13718178e-03 -8.62756147e-03]
 [ 2.38334300e+00 -4.98980771e-01 -1.59415596e-01 ... -5.29013645e-03
   2.70728545e-03 -3.82273106e-03]
 ...
 [ 2.75516254e+00 -6.28670652e-01  8.61989402e-02 ... -1.37820269e-02
  -2.58850994e-02  3.06312211e-02]
 [ 2.47125820e+00 -3.97636292e-01  8.00786584e-02 ... -1.45190752e-02
  -4.82793233e-02 -2.51022685e-02]
 [ 2.13330671e+00 -2.70819691e-01  3.62053063e-01 ... -8.24649027e-03
  -9.99819444e-02 -6.57342218e-02]]","(98, 22)"
20,./Sample-kelapa/data/cut_sample/matang/wav/mtg16c.wav,mtg16c.wav,mature,"[[ 2.07169095e+00 -3.28866604e-01 -1.16299640e-02 ... -1.14680414e-02
   8.92065838e-03 -1.35377847e-02]
 [ 2.04534113e+00 -3.32474487e-01  1.86591179e-02 ... -5.10913866e-03
  -4.85761435e-04 -6.63879100e-03]
 [ 2.03126617e+00 -3.37413628e-01  4.96113490e-03 ... -1.95465006e-02
  -1.27164452e-02 -5.77626549e-04]
 ...
 [ 2.14092744e+00  5.08669660e-01 -4.74137646e-02 ... -3.86722382e-02
  -4.64267903e-03 -1.57373079e-02]
 [ 1.72368543e+00  3.26012841e-01  1.26948906e-01 ... -3.47198746e-02
  -7.08594069e-02 -2.45679105e-02]
 [ 1.30195902e+00 -8.67623221e-02  9.73275641e-03 ... -3.39904944e-03
  -1.13318508e-02 -6.14753545e-04]]","(98, 22)"
21,./Sample-kelapa/data/cut_sample/matang/wav/mtg17a.wav,mtg17a.wav,mature,"[[ 2.08420395e+00 -3.15136016e-01 -1.97050203e-02 ...  7.30454455e-03
  -9.99752538e-03 -7.81488832e-03]
 [ 2.07795843e+00 -2.99624108e-01 -1.97349756e-02 ...  5.41490363e-03
  -5.14609333e-03  7.38116360e-03]
 [ 2.05932880e+00 -3.25218098e-01 -3.93935540e-05 ...  9.42959181e-03
  -1.03537990e-02 -1.82114844e-02]
 ...
 [ 1.80745361e+00 -5.28154844e-01 -3.89836463e-01 ... -2.74463491e-02
   4.71737589e-02  7.87595060e-03]
 [ 1.77729814e+00 -5.42803510e-01 -4.15336061e-01 ... -2.52972363e-02
   4.66591325e-02 -1.01471445e-02]
 [ 1.80772295e+00 -5.66602085e-01 -4.33771279e-01 ... -2.68262960e-02
   3.86364681e-02 -9.43321346e-03]]","(98, 22)"
22,./Sample-kelapa/data/cut_sample/matang/wav/mtg17b.wav,mtg17b.wav,mature,"[[ 2.10094390e+00 -4.00683702e-01  3.75502459e-03 ...  1.65256469e-02
  -6.98349402e-04  1.45371270e-02]
 [ 2.18897480e+00 -4.18855171e-01  1.12238699e-02 ...  2.36885705e-02
  -1.43546016e-02  4.15465883e-03]
 [ 2.17945717e+00 -4.62432177e-01  7.41923848e-03 ... -3.48299739e-03
  -2.30252448e-02 -9.25526331e-03]
 ...
 [ 2.83811358e+00 -1.04774570e+00 -3.84419037e-01 ...  5.84780990e-05
  -1.38826311e-02 -3.38958375e-02]
 [ 2.91380661e+00 -1.07468277e+00 -4.12855778e-01 ...  1.02193595e-02
  -2.65517826e-03 -3.54953243e-02]
 [ 2.64178290e+00 -1.23307722e+00 -1.71264112e-01 ...  2.02287596e-03
  -2.05778592e-02 -1.35303125e-02]]","(98, 22)"
23,./Sample-kelapa/data/cut_sample/matang/wav/mtg17c.wav,mtg17c.wav,mature,"[[ 2.16436437e+00 -3.16110137e-01 -5.12572092e-02 ... -4.30604707e-03
  -1.07204161e-02  1.91839773e-02]
 [ 2.16902449e+00 -3.43114841e-01 -9.07580024e-02 ... -6.72290837e-03
  -1.27037980e-02  1.07397887e-02]
 [ 2.18738025e+00 -3.60973098e-01 -1.03499793e-01 ...  2.03865312e-03
  -9.56175564e-04 -4.48171765e-03]
 ...
 [ 2.22390969e+00 -1.15210061e+00  8.47788026e-02 ... -4.59311566e-03
  -4.40526137e-02  3.55802154e-02]
 [ 2.16305554e+00 -1.12282143e+00  9.84731081e-02 ... -1.69549399e-02
  -3.47650131e-02  3.17095923e-02]
 [ 1.87122859e+00 -8.89528275e-01  7.74724177e-02 ... -3.39652134e-02
   6.57045715e-02 -6.36050404e-02]]","(98, 22)"
24,./Sample-kelapa/data/cut_sample/matang/wav/mtg18a.wav,mtg18a.wav,mature,"[[ 2.23624060e+00 -4.25797756e-01  5.82874296e-02 ...  5.33221294e-03
  -3.49618200e-02  1.21176407e-02]
 [ 2.35901679e+00 -2.99174968e-01  2.18967935e-02 ...  4.46358401e-03
   3.40026967e-03  2.36567329e-02]
 [ 2.35048001e+00 -2.86431618e-01  2.26227070e-02 ... -1.93968288e-02
  -1.28349889e-03  3.51947713e-02]
 ...
 [ 2.66097716e+00 -7.82971061e-01 -2.71307938e-01 ... -2.00964960e-03
  -1.37428548e-03 -3.72662730e-02]
 [ 2.01757806e+00 -8.01553697e-01 -5.94049680e-02 ... -5.98500400e-02
   1.83389726e-02  1.30698366e-02]
 [ 1.49561162e+00 -3.42233400e-01  4.58326708e-03 ...  1.53697925e-03
  -5.50163520e-03 -5.11859402e-03]]","(98, 22)"
25,./Sample-kelapa/data/cut_sample/matang/wav/mtg18b.wav,mtg18b.wav,mature,"[[ 2.21364484e+00 -3.90876195e-01  2.62265912e-02 ...  8.92482015e-03
  -8.56030352e-03  1.01984236e-02]
 [ 2.21118607e+00 -3.54156328e-01  3.38522931e-02 ... -3.36806704e-03
  -8.65080921e-04  8.40328401e-03]
 [ 2.20329350e+00 -3.57869016e-01  3.15003620e-02 ... -6.71088335e-03
  -3.83322919e-03  7.50894584e-03]
 ...
 [ 1.95092039e+00  3.40859588e-01  1.61431585e-01 ... -7.00074264e-02
  -1.00373573e-01 -6.53586384e-02]
 [ 1.34790189e+00 -2.54073661e-01 -3.24474891e-03 ... -1.55244376e-02
  -3.10287923e-03 -8.83372955e-03]
 [ 1.37506186e+00 -2.11147314e-01 -5.00255259e-03 ... -4.05809730e-03
   4.86586863e-03  5.35401512e-03]]","(98, 22)"
26,./Sample-kelapa/data/cut_sample/matang/wav/mtg18c.wav,mtg18c.wav,mature,"[[ 2.18742096e+00 -4.02948892e-01 -1.15915112e-01 ...  1.99623629e-03
  -4.32013497e-03 -7.84229684e-04]
 [ 2.17458925e+00 -4.04899126e-01 -9.11013222e-02 ... -1.60347109e-03
  -1.40773109e-02 -3.21152063e-03]
 [ 2.12222187e+00 -3.73952119e-01 -1.22430925e-02 ... -6.73649073e-03
   1.15005991e-02 -6.92584604e-03]
 ...
 [ 2.06282288e+00  5.81094575e-01  2.53931588e-01 ...  3.88847542e-02
   4.81749868e-02 -1.26246657e-04]
 [ 1.90332782e+00  4.12263431e-01  2.53886760e-01 ... -6.39077037e-02
  -2.40152186e-02  8.37232630e-03]
 [ 1.42347465e+00 -1.65048651e-01 -8.44238511e-02 ... -4.41398622e-03
  -2.58124338e-03 -6.31296874e-03]]","(98, 22)"
27,./Sample-kelapa/data/cut_sample/matang/wav/mtg19a.wav,mtg19a.wav,mature,"[[ 2.03498796e+00 -2.89990727e-01  4.23695821e-02 ... -5.84782871e-03
  -1.26854956e-02 -9.73884316e-03]
 [ 2.02584121e+00 -3.16447031e-01  7.84487719e-03 ... -1.77328054e-03
  -5.56813726e-03 -6.74456998e-03]
 [ 1.97914354e+00 -3.21059085e-01  5.71833096e-03 ...  9.67368960e-05
  -9.75871437e-03 -2.21698018e-03]
 ...
 [ 2.34923680e+00  6.33456420e-01 -1.91239475e-01 ... -5.01990803e-02
  -6.86081751e-03 -1.25934504e-03]
 [ 2.23933389e+00  6.63946617e-01 -1.01549732e-01 ... -2.27115396e-03
  -4.99134881e-02  1.41620804e-02]
 [ 1.33488733e+00 -6.22955952e-02 -2.39665527e-02 ...  4.72150659e-03
  -1.00305854e-02  9.70769605e-03]]","(98, 22)"
28,./Sample-kelapa/data/cut_sample/matang/wav/mtg19b.wav,mtg19b.wav,mature,"[[ 2.39762412e+00 -6.77498323e-01  1.51050910e-01 ...  2.02224867e-02
  -3.37570162e-02  5.65106051e-03]
 [ 2.31321327e+00 -5.96035978e-01  1.38705538e-01 ...  2.75675801e-02
  -1.07824256e-02  2.99101258e-03]
 [ 2.30411749e+00 -5.63637762e-01  1.44272835e-01 ...  1.04201407e-02
  -2.07914972e-02 -3.65531312e-03]
 ...
 [ 1.75367773e+00  3.18997003e-01  3.80225243e-01 ... -2.50446606e-02
  -2.19258651e-02  2.38110652e-02]
 [ 1.30454884e+00 -1.84587083e-01  3.79770582e-02 ...  4.66858363e-03
  -1.23099382e-02  8.77705641e-03]
 [ 1.28420152e+00 -1.59074767e-01  3.39087242e-02 ... -4.52830915e-03
   9.16747594e-04  1.91074307e-02]]","(98, 22)"
29,./Sample-kelapa/data/cut_sample/matang/wav/mtg19c.wav,mtg19c.wav,mature,"[[ 2.05007110e+00 -3.35083490e-01  6.12476959e-02 ...  1.03111911e-02
  -1.91637933e-03  1.32395873e-02]
 [ 2.09130384e+00 -3.19372065e-01  5.83036833e-02 ...  1.21217026e-06
   3.91931183e-03  1.07928005e-02]
 [ 2.08187792e+00 -3.96618068e-01  3.85450065e-02 ... -7.42950589e-03
  -2.06044168e-02  2.27084719e-03]
 ...
 [ 1.85023405e+00  4.14583464e-01  1.40865591e-01 ... -6.34727416e-02
  -8.90933648e-02 -1.68212967e-02]
 [ 1.28736164e+00 -1.41402412e-01 -3.14749419e-02 ...  4.49153480e-05
  -1.11720406e-02  1.08326470e-02]
 [ 1.26944809e+00 -1.18772032e-01 -2.38029358e-02 ... -1.51454732e-03
  -1.46996446e-02  2.99807498e-03]]","(98, 22)"
30,./Sample-kelapa/data/cut_sample/matang/wav/mtg1a.wav,mtg1a.wav,mature,"[[ 2.20937940e+00 -3.37001180e-01 -4.25792886e-03 ...  8.69898948e-03
   2.47250690e-03  5.88128866e-03]
 [ 2.18843703e+00 -3.59149783e-01 -2.84080975e-02 ...  5.02623532e-03
  -1.56052101e-02 -8.06459720e-04]
 [ 2.13285912e+00 -3.86792904e-01 -3.75015253e-02 ...  8.18533612e-03
  -9.71494852e-03 -9.19921406e-03]
 ...
 [ 2.11415478e+00 -6.86586221e-02 -2.48579161e-01 ... -3.16942469e-02
  -3.30706800e-02 -1.13704345e-03]
 [ 2.11207692e+00  5.72724799e-03 -2.17883450e-01 ... -3.90156444e-02
  -2.06069223e-02  4.56361932e-03]
 [ 2.06834688e+00  2.61820861e-02 -2.29372316e-01 ... -3.67657584e-02
  -1.13365474e-02  1.78822029e-02]]","(98, 22)"
31,./Sample-kelapa/data/cut_sample/matang/wav/mtg1b.wav,mtg1b.wav,mature,"[[ 2.20937940e+00 -3.37001180e-01 -4.25792886e-03 ...  8.69898948e-03
   2.47250690e-03  5.88128866e-03]
 [ 2.18843703e+00 -3.59149783e-01 -2.84080975e-02 ...  5.02623532e-03
  -1.56052101e-02 -8.06459720e-04]
 [ 2.13285912e+00 -3.86792904e-01 -3.75015253e-02 ...  8.18533612e-03
  -9.71494852e-03 -9.19921406e-03]
 ...
 [ 2.11415478e+00 -6.86586221e-02 -2.48579161e-01 ... -3.16942469e-02
  -3.30706800e-02 -1.13704345e-03]
 [ 2.11207692e+00  5.72724799e-03 -2.17883450e-01 ... -3.90156444e-02
  -2.06069223e-02  4.56361932e-03]
 [ 2.06834688e+00  2.61820861e-02 -2.29372316e-01 ... -3.67657584e-02
  -1.13365474e-02  1.78822029e-02]]","(98, 22)"
32,./Sample-kelapa/data/cut_sample/matang/wav/mtg1c.wav,mtg1c.wav,mature,"[[ 2.16182007e+00 -3.27845068e-01 -7.03814178e-02 ... -2.12815563e-02
  -1.47206630e-02  1.38985286e-02]
 [ 2.15128793e+00 -3.70423438e-01 -1.17939064e-01 ... -1.92861367e-02
  -6.38761506e-03  2.90212241e-02]
 [ 2.15210631e+00 -3.59045484e-01 -6.77495442e-02 ...  1.06909584e-03
   6.52155236e-04  7.68727470e-03]
 ...
 [ 2.86168102e+00 -3.48000624e-01 -7.87583723e-02 ... -3.04142382e-02
  -1.34278022e-01 -1.03925699e-02]
 [ 2.33347217e+00 -9.47291463e-01 -2.55792788e-01 ...  1.81240554e-02
  -4.66395411e-02  3.93561280e-02]
 [ 2.26695705e+00 -9.38306274e-01 -1.66634115e-01 ...  9.72648498e-03
  -3.51508780e-02  8.09857304e-02]]","(98, 22)"
33,./Sample-kelapa/data/cut_sample/matang/wav/mtg20a.wav,mtg20a.wav,mature,"[[ 2.20513749e+00 -3.29186286e-01  2.13004832e-02 ...  8.28532929e-03
  -3.35969336e-03  9.66059026e-04]
 [ 2.20356458e+00 -3.60223826e-01 -2.50371962e-02 ... -3.76594385e-03
   6.46938643e-04 -6.99535764e-03]
 [ 2.17434833e+00 -3.90189996e-01  1.19405912e-02 ... -2.32404873e-02
  -1.74131699e-02 -1.89928436e-02]
 ...
 [ 2.91128215e+00 -5.20129193e-01 -8.35556167e-02 ... -5.19602878e-02
  -2.05477151e-02 -1.06895797e-02]
 [ 2.84921403e+00 -4.34680645e-01 -3.78509742e-02 ... -3.27358441e-02
  -3.90464164e-02  4.28703069e-03]
 [ 2.81214108e+00 -3.83201109e-01 -1.57519283e-02 ... -2.26042159e-02
  -1.83852855e-02  1.58430147e-02]]","(98, 22)"
36,./Sample-kelapa/data/cut_sample/matang/wav/mtg2a.wav,mtg2a.wav,mature,"[[ 2.30636714e+00 -4.11179026e-01 -1.34488164e-01 ...  3.96073179e-03
   1.01309847e-03 -5.81391570e-03]
 [ 2.31372266e+00 -4.15052051e-01 -1.34967795e-01 ...  3.06313309e-03
  -1.46336156e-02 -1.74083543e-02]
 [ 2.27252500e+00 -3.98559222e-01 -1.14169070e-01 ... -9.91604702e-03
  -1.64098769e-02 -9.78401812e-03]
 ...
 [ 2.12583650e+00  2.73699475e-01 -5.14183666e-02 ... -4.58320572e-02
   4.06307145e-02  2.96113265e-02]
 [ 1.80566729e+00  3.28622948e-01  2.64228729e-01 ... -2.78458237e-02
  -1.18426863e-02  1.63847301e-02]
 [ 1.79461845e+00  3.59967261e-01  3.07939011e-01 ... -4.72083779e-02
  -3.17640819e-02 -4.72118929e-04]]","(98, 22)"
37,./Sample-kelapa/data/cut_sample/matang/wav/mtg2b.wav,mtg2b.wav,mature,"[[ 2.31413240e+00 -5.45840776e-01 -8.10372212e-02 ... -8.44499941e-03
  -4.50629035e-03 -4.42130036e-04]
 [ 2.28601521e+00 -5.13807901e-01 -8.35555916e-02 ... -8.18775354e-03
  -6.94232004e-03  5.40532041e-03]
 [ 2.31963641e+00 -5.20743308e-01 -9.01399247e-02 ... -3.19124096e-02
  -4.49885927e-03  7.75379184e-03]
 ...
 [ 1.99398961e+00 -5.08130669e-01 -5.21375918e-01 ...  2.64619426e-02
   4.22012595e-02 -6.13549962e-02]
 [ 1.94062398e+00 -4.51249576e-01 -5.20528100e-01 ...  1.94541576e-02
   5.59612150e-02 -6.04415906e-02]
 [ 1.76429507e+00 -4.62039581e-01 -3.18528302e-01 ...  4.19765465e-02
   3.41452110e-02 -8.88576304e-02]]","(98, 22)"
38,./Sample-kelapa/data/cut_sample/matang/wav/mtg2c.wav,mtg2c.wav,mature,"[[ 2.02990699e+00 -3.11977504e-01 -3.52020971e-02 ... -1.31422287e-02
  -4.58861307e-04 -8.33876626e-03]
 [ 2.05625994e+00 -3.18344610e-01 -4.95055213e-02 ...  1.33910832e-02
   1.30112777e-02  4.66069017e-04]
 [ 2.05299116e+00 -3.26790418e-01 -3.52668130e-02 ...  2.18695094e-05
  -2.22988020e-03  4.22377097e-03]
 ...
 [ 1.74633641e+00 -1.99922026e-01 -4.51041963e-01 ...  4.49150762e-02
   4.50619447e-02 -4.71654616e-02]
 [ 1.70593395e+00 -1.91715586e-01 -4.29858628e-01 ...  1.77312830e-02
   3.14530458e-02 -5.23824488e-02]
 [ 1.70703009e+00 -1.58850642e-01 -4.13718257e-01 ...  2.68010671e-02
   4.41447266e-02 -4.06350560e-02]]","(98, 22)"
39,./Sample-kelapa/data/cut_sample/matang/wav/mtg3a.wav,mtg3a.wav,mature,"[[ 2.05205312e+00 -3.32290124e-01  4.14050004e-02 ... -6.78645939e-03
  -1.39370217e-02  3.02414035e-03]
 [ 2.05521961e+00 -3.54725526e-01  2.84480746e-02 ... -1.45076652e-04
   5.34438382e-03  6.43557556e-03]
 [ 2.07315680e+00 -3.32051062e-01  2.99210549e-02 ...  8.19360610e-03
   8.98609076e-03  6.40216433e-03]
 ...
 [ 1.64348370e+00  1.38190708e-01 -2.90125066e-01 ... -3.56783278e-02
   4.15260158e-02  7.93312203e-02]
 [ 1.61845835e+00  1.64126224e-01 -2.88316481e-01 ... -1.41052637e-02
   4.21256648e-02  7.30276138e-02]
 [ 1.58369927e+00  1.79905686e-01 -2.89050694e-01 ... -2.16915033e-02
   3.92898743e-02  7.03672672e-02]]","(98, 22)"
40,./Sample-kelapa/data/cut_sample/matang/wav/mtg3b.wav,mtg3b.wav,mature,"[[ 2.05534575e+00 -3.35746623e-01  5.85490210e-02 ...  7.95434553e-03
  -1.38450386e-02 -6.17384685e-03]
 [ 2.03878115e+00 -3.16799790e-01  4.10877655e-02 ... -5.33014173e-04
  -4.99903233e-04  3.25893247e-03]
 [ 1.99524136e+00 -3.32508338e-01  6.87113702e-02 ...  3.27697791e-03
  -1.35722109e-02 -8.38120006e-03]
 ...
 [ 1.88763570e+00  5.03515888e-01  6.07649375e-02 ... -1.89832167e-02
  -1.26262684e-02  1.75807694e-02]
 [ 1.71598686e+00  4.89419498e-01  2.87048992e-01 ...  4.26949454e-02
   2.36832110e-02 -1.49601168e-02]
 [ 1.70079816e+00  5.04831076e-01  2.90629155e-01 ...  3.19983253e-02
   2.06558318e-02 -1.57988881e-02]]","(98, 22)"
41,./Sample-kelapa/data/cut_sample/matang/wav/mtg3c.wav,mtg3c.wav,mature,"[[ 2.05729576e+00 -3.43088770e-01  1.54030366e-02 ...  1.84164876e-02
  -2.33076822e-02 -1.36372941e-02]
 [ 2.03599681e+00 -3.44155653e-01  3.71349812e-03 ... -6.21438054e-03
  -3.63884472e-03  9.52949896e-03]
 [ 2.05114679e+00 -3.26023102e-01  2.13023978e-02 ...  1.24202603e-02
  -8.51149387e-03  8.69943616e-04]
 ...
 [ 2.02091387e+00  3.42188255e-02 -6.19871802e-01 ...  6.15813189e-02
  -2.96584641e-03  3.41657890e-02]
 [ 1.30478807e+00 -1.57584127e-01 -5.05069035e-02 ...  7.08179615e-03
   2.64766420e-04 -1.02276725e-02]
 [ 1.28401895e+00 -1.44313096e-01 -6.76869696e-02 ... -6.20113608e-03
   2.63089414e-03  8.82399632e-03]]","(98, 22)"
42,./Sample-kelapa/data/cut_sample/matang/wav/mtg4a.wav,mtg4a.wav,mature,"[[ 2.23714191e+00 -4.87198856e-01 -4.63067576e-02 ... -1.28856250e-02
   1.82823252e-02  8.25371430e-03]
 [ 2.24382387e+00 -4.72823877e-01 -7.22907511e-02 ... -2.68146652e-02
   6.22685167e-03  1.15920464e-02]
 [ 2.27438694e+00 -5.00779037e-01 -6.81512040e-02 ... -5.39979032e-02
  -9.50752321e-03  1.88651588e-02]
 ...
 [ 1.25033977e+00 -1.76591928e-01  3.54451695e-02 ...  2.19189554e-03
  -5.97884272e-03  9.30834913e-04]
 [ 1.23088212e+00 -1.80888597e-01  3.91622447e-02 ...  9.17384610e-04
  -1.01562937e-02  1.05480363e-03]
 [ 1.20599692e+00 -1.88182416e-01  1.85873192e-02 ...  2.45770040e-04
  -4.34664497e-04 -1.42177047e-02]]","(98, 22)"
43,./Sample-kelapa/data/cut_sample/matang/wav/mtg4b.wav,mtg4b.wav,mature,"[[ 2.23105428e+00 -4.87881679e-01 -7.69466419e-02 ... -2.72613799e-02
   1.08866197e-02  1.96839717e-02]
 [ 2.27776001e+00 -5.06372271e-01 -7.44944171e-02 ... -5.58596620e-02
  -9.44493399e-03  1.97399712e-02]
 [ 2.30206455e+00 -5.27630401e-01 -1.16138968e-01 ... -4.50137460e-02
  -1.36909369e-02  1.92267368e-02]
 ...
 [ 1.23819564e+00 -1.71261667e-01  3.30238016e-02 ... -1.51684321e-03
  -1.04682711e-02 -2.97442160e-03]
 [ 1.23757265e+00 -1.86695316e-01 -4.63755598e-03 ... -8.02249876e-04
   6.05948037e-05 -1.44369140e-02]
 [ 1.23767314e+00 -1.81971996e-01 -1.72729221e-02 ...  2.13884478e-03
  -1.82581800e-03  6.10047497e-04]]","(98, 22)"
44,./Sample-kelapa/data/cut_sample/matang/wav/mtg4c.wav,mtg4c.wav,mature,"[[ 2.07115804e+00 -3.55962599e-01  2.66668642e-02 ... -4.75539238e-03
  -2.97659883e-03 -1.11400581e-03]
 [ 2.08379227e+00 -3.51677795e-01  1.73872326e-02 ...  1.39885766e-03
  -2.04747476e-03  1.34639744e-02]
 [ 2.09346935e+00 -3.64425523e-01  5.59808257e-03 ... -9.76048375e-03
  -1.12017607e-02  7.33083598e-03]
 ...
 [ 3.23513346e+00 -2.72366879e-01 -3.86672084e-02 ... -6.89060598e-02
   7.29160733e-03  1.39137602e-02]
 [ 3.19961795e+00 -1.83878629e-01 -1.08846784e-01 ... -3.84582955e-02
   1.68744506e-02  5.90846913e-02]
 [ 2.24850522e+00 -8.22388741e-01 -4.93728150e-02 ... -9.02204749e-03
  -2.16589318e-02  1.84535529e-02]]","(98, 22)"
45,./Sample-kelapa/data/cut_sample/matang/wav/mtg5a.wav,mtg5a.wav,mature,"[[ 2.13474478e+00 -3.68554423e-01 -3.09968193e-02 ...  2.50397611e-02
   5.65805796e-03  7.12138384e-04]
 [ 2.13342239e+00 -3.32568030e-01 -3.06988754e-02 ...  1.09028979e-02
  -7.60384879e-03  1.41141196e-02]
 [ 2.13777235e+00 -3.34775163e-01 -4.26474155e-02 ... -1.34198461e-03
  -2.45512108e-02 -8.40365417e-03]
 ...
 [ 2.76176237e+00 -1.30367369e-02 -1.76432632e-01 ...  2.82744385e-02
  -1.23412315e-02  1.96809877e-02]
 [ 2.49194358e+00  3.11092415e-01 -1.44169032e-01 ... -1.75978736e-02
   1.21618350e-02  9.63791798e-03]
 [ 2.03513274e+00  3.01656656e-02 -3.66210216e-01 ...  3.40080610e-03
   3.54497461e-02  8.97806099e-02]]","(98, 22)"
46,./Sample-kelapa/data/cut_sample/matang/wav/mtg5b.wav,mtg5b.wav,mature,"[[ 2.39198733e+00 -4.52049854e-01 -3.45387321e-02 ... -5.30516815e-03
   7.55539676e-03  6.14147934e-03]
 [ 2.34640872e+00 -4.81787632e-01 -1.07379221e-01 ...  3.68471858e-03
  -4.38124839e-03  8.94491277e-03]
 [ 2.37925733e+00 -4.59560848e-01 -1.22067556e-01 ... -7.47801455e-03
  -8.89763186e-03  2.40603057e-02]
 ...
 [ 2.75485411e+00  6.53404602e-02 -6.73958843e-03 ... -4.68236523e-02
   2.74560024e-03  5.31299615e-02]
 [ 2.60532600e+00  7.34176395e-02  1.10872248e-01 ... -6.90404896e-02
   2.05092294e-03  8.64690437e-02]
 [ 1.78665636e+00 -5.36677783e-01  1.06018266e-01 ... -4.08231877e-03
  -2.74467627e-02  3.10657516e-02]]","(98, 22)"
47,./Sample-kelapa/data/cut_sample/matang/wav/mtg5c.wav,mtg5c.wav,mature,"[[ 2.09643663e+00 -3.50031193e-01  1.19119184e-02 ... -3.54608691e-03
  -1.98500036e-03  1.03101989e-02]
 [ 2.07339587e+00 -3.91117077e-01  6.61144345e-03 ... -1.57006925e-02
  -1.85101763e-02 -6.59560403e-03]
 [ 2.06738901e+00 -3.83138017e-01  1.55969813e-02 ... -6.23673459e-03
   2.90211022e-03  4.42944222e-03]
 ...
 [ 3.19585840e+00 -2.02446972e-01 -2.32315062e-01 ... -5.79634096e-02
  -9.49937613e-03  1.31813008e-02]
 [ 2.84249505e+00 -3.74366868e-01 -3.30998350e-01 ...  9.03761545e-03
   4.82098021e-02  4.13591786e-02]
 [ 2.19898219e+00 -7.48808139e-01 -1.22298463e-01 ... -1.02553915e-02
  -4.15590080e-02 -2.83556891e-03]]","(98, 22)"
54,./Sample-kelapa/data/cut_sample/matang/wav/mtg8a.wav,mtg8a.wav,mature,"[[ 2.01198136e+00 -3.52245013e-01 -8.94600256e-04 ...  1.57459774e-02
   2.88369471e-02  6.92166441e-03]
 [ 2.01109935e+00 -3.31595975e-01  2.03972342e-02 ...  8.27755428e-03
  -2.45199687e-03  1.33995581e-03]
 [ 2.01679653e+00 -3.17768423e-01  4.34596202e-02 ...  5.42549871e-03
  -3.06974575e-03  1.49667546e-02]
 ...
 [ 2.34873870e+00 -3.56960375e-01  8.31540977e-02 ...  1.03037106e-02
   1.59339639e-01  2.52115019e-03]
 [ 1.23136737e+00 -2.08124031e-01  3.34283689e-02 ...  9.62748858e-03
   8.79683493e-04 -2.80903382e-03]
 [ 1.24815252e+00 -1.84748527e-01  3.09657006e-02 ... -1.17331295e-04
  -5.53673540e-03 -3.40165288e-03]]","(98, 22)"
55,./Sample-kelapa/data/cut_sample/matang/wav/mtg8b.wav,mtg8b.wav,mature,"[[ 2.04409039 -0.34582391  0.0185956  ...  0.02038465 -0.01325658
  -0.00244781]
 [ 2.03412619 -0.3565623   0.04869251 ...  0.01361288 -0.0312706
  -0.00584607]
 [ 2.06946187 -0.32423754  0.02282904 ... -0.00727432 -0.03287628
   0.00632252]
 ...
 [ 1.76940129 -0.75156569  0.22633573 ...  0.04905106 -0.06687021
   0.03661337]
 [ 1.77216134 -0.77442882  0.23003213 ...  0.03030826 -0.06790801
   0.03369319]
 [ 1.33907794 -0.33237232  0.09508482 ...  0.00467195 -0.01388429
   0.01992369]]","(98, 22)"
56,./Sample-kelapa/data/cut_sample/matang/wav/mtg8c.wav,mtg8c.wav,mature,"[[ 2.02201894e+00 -3.16749853e-01  4.91915032e-02 ... -8.66894464e-03
  -1.69294671e-02  1.47926662e-02]
 [ 2.02232366e+00 -3.25402467e-01  1.94651598e-02 ... -1.11298674e-02
  -2.35332091e-02 -4.89564291e-03]
 [ 2.01942014e+00 -3.17084513e-01  3.75660587e-02 ... -4.51170413e-03
   5.37210710e-03  1.59924898e-02]
 ...
 [ 2.29631858e+00 -6.36998938e-01 -2.89994136e-02 ...  9.69089728e-02
  -6.25902598e-02  6.04159659e-02]
 [ 1.74060008e+00  8.74678779e-03 -2.61067324e-01 ...  3.36723862e-02
   1.38504537e-02  8.56600320e-04]
 [ 1.73403452e+00  7.67421914e-03 -2.62590652e-01 ...  4.05880160e-02
   3.32239184e-02  1.31136122e-02]]","(98, 22)"
57,./Sample-kelapa/data/cut_sample/matang/wav/mtg9a.wav,mtg9a.wav,mature,"[[ 2.02201894e+00 -3.16749853e-01  4.91915032e-02 ... -8.66894464e-03
  -1.69294671e-02  1.47926662e-02]
 [ 2.02232366e+00 -3.25402467e-01  1.94651598e-02 ... -1.11298674e-02
  -2.35332091e-02 -4.89564291e-03]
 [ 2.01942014e+00 -3.17084513e-01  3.75660587e-02 ... -4.51170413e-03
   5.37210710e-03  1.59924898e-02]
 ...
 [ 2.29631858e+00 -6.36998938e-01 -2.89994136e-02 ...  9.69089728e-02
  -6.25902598e-02  6.04159659e-02]
 [ 1.74060008e+00  8.74678779e-03 -2.61067324e-01 ...  3.36723862e-02
   1.38504537e-02  8.56600320e-04]
 [ 1.73403452e+00  7.67421914e-03 -2.62590652e-01 ...  4.05880160e-02
   3.32239184e-02  1.31136122e-02]]","(98, 22)"
58,./Sample-kelapa/data/cut_sample/matang/wav/mtg9b.wav,mtg9b.wav,mature,"[[ 2.04409039 -0.34582391  0.0185956  ...  0.02038465 -0.01325658
  -0.00244781]
 [ 2.03412619 -0.3565623   0.04869251 ...  0.01361288 -0.0312706
  -0.00584607]
 [ 2.06946187 -0.32423754  0.02282904 ... -0.00727432 -0.03287628
   0.00632252]
 ...
 [ 1.76940129 -0.75156569  0.22633573 ...  0.04905106 -0.06687021
   0.03661337]
 [ 1.77216134 -0.77442882  0.23003213 ...  0.03030826 -0.06790801
   0.03369319]
 [ 1.33907794 -0.33237232  0.09508482 ...  0.00467195 -0.01388429
   0.01992369]]","(98, 22)"
59,./Sample-kelapa/data/cut_sample/matang/wav/mtg9c.wav,mtg9c.wav,mature,"[[ 2.01198136e+00 -3.52245013e-01 -8.94600256e-04 ...  1.57459774e-02
   2.88369471e-02  6.92166441e-03]
 [ 2.01109935e+00 -3.31595975e-01  2.03972342e-02 ...  8.27755428e-03
  -2.45199687e-03  1.33995581e-03]
 [ 2.01679653e+00 -3.17768423e-01  4.34596202e-02 ...  5.42549871e-03
  -3.06974575e-03  1.49667546e-02]
 ...
 [ 2.34873870e+00 -3.56960375e-01  8.31540977e-02 ...  1.03037106e-02
   1.59339639e-01  2.52115019e-03]
 [ 1.23136737e+00 -2.08124031e-01  3.34283689e-02 ...  9.62748858e-03
   8.79683493e-04 -2.80903382e-03]
 [ 1.24815252e+00 -1.84748527e-01  3.09657006e-02 ... -1.17331295e-04
  -5.53673540e-03 -3.40165288e-03]]","(98, 22)"
60,./Sample-kelapa/data/cut_sample/muda/wav/muda10a.wav,muda10a.wav,immature,"[[ 2.53319145e+00  1.95758507e-02 -4.32390677e-02 ...  2.95450577e-02
   3.17182853e-02 -4.19543186e-03]
 [ 2.53628936e+00  3.74284075e-02 -4.46938459e-02 ...  1.11320925e-02
   5.90853571e-03 -1.43530079e-02]
 [ 2.59510048e+00  7.64319991e-02 -3.65547736e-02 ...  2.26052337e-02
   1.80809120e-02 -2.36973163e-02]
 ...
 [ 2.46678972e+00  5.86253757e-01 -3.91535322e-01 ...  2.81351658e-02
   1.00826019e-02 -9.18371816e-03]
 [ 2.35247148e+00  4.76611948e-01 -4.05094181e-01 ... -6.75699970e-03
  -2.72640506e-02 -2.76578705e-02]
 [ 2.29958591e+00  5.07484653e-01 -3.60414213e-01 ...  9.80314112e-03
   2.31697178e-03 -3.71255737e-02]]","(98, 22)"
61,./Sample-kelapa/data/cut_sample/muda/wav/muda10b.wav,muda10b.wav,immature,"[[ 2.54863999 -0.08958443 -0.16724594 ...  0.00917885 -0.02294731
   0.01454695]
 [ 2.49031988 -0.09849865 -0.09710165 ...  0.00399422  0.00710285
   0.01068341]
 [ 2.51459452 -0.12028879 -0.14197629 ...  0.01641619 -0.00715817
   0.00914681]
 ...
 [ 2.11268844  0.0445471   0.32171299 ...  0.05348445 -0.00618398
   0.04991219]
 [ 1.87576186 -0.22575417  0.12579409 ...  0.03015479 -0.04581484
   0.05439442]
 [ 1.89471365 -0.22076264  0.14913842 ...  0.0257546  -0.04146192
   0.04027955]]","(98, 22)"
62,./Sample-kelapa/data/cut_sample/muda/wav/muda10c.wav,muda10c.wav,immature,"[[ 2.59423253 -0.10532635 -0.18190582 ...  0.01673081  0.00752919
   0.01812854]
 [ 2.61610691 -0.06816754 -0.19021264 ...  0.01766567  0.02476206
   0.02082645]
 [ 2.60914432 -0.01076865 -0.17270427 ...  0.01319848  0.02620693
   0.02190586]
 ...
 [ 1.65956858  0.44934583  0.04767379 ... -0.00536805  0.01103085
   0.03077888]
 [ 1.65268819  0.46965075  0.0394825  ... -0.02442391 -0.00305014
   0.01704119]
 [ 1.40631953  0.2193217  -0.11455518 ... -0.01212827 -0.00995826
  -0.00796425]]","(98, 22)"
63,./Sample-kelapa/data/cut_sample/muda/wav/muda11a.wav,muda11a.wav,immature,"[[ 2.58122515 -0.03476716 -0.19038447 ...  0.02224642  0.01804089
   0.02790483]
 [ 2.58689147 -0.03875671 -0.20284542 ...  0.04142309  0.0166796
   0.00291963]
 [ 2.60337939 -0.07172142 -0.26749947 ...  0.02134516  0.00457022
   0.01228759]
 ...
 [ 2.26016817  0.23909571 -0.35260497 ...  0.00739636 -0.10764212
  -0.00988848]
 [ 1.85436595 -0.04785383 -0.33933441 ...  0.00957512 -0.06315658
   0.02741536]
 [ 1.7771513   0.02690195 -0.39792947 ...  0.00438676 -0.04041892
   0.0081325 ]]","(98, 22)"
64,./Sample-kelapa/data/cut_sample/muda/wav/muda11b.wav,muda11b.wav,immature,"[[ 2.48730992e+00 -1.52881871e-01 -2.45145878e-01 ... -7.89061310e-04
  -1.70366784e-03 -9.27938984e-03]
 [ 2.45932356e+00 -1.61443926e-01 -2.17007390e-01 ...  1.09645114e-04
  -3.34025792e-03  1.55202734e-02]
 [ 2.47267470e+00 -1.24453562e-01 -1.95211923e-01 ... -1.64137165e-03
  -5.99234660e-04  2.19953377e-02]
 ...
 [ 2.22349131e+00  2.41665963e-01 -3.58739150e-02 ...  9.17918991e-03
  -8.88777575e-03  8.55637901e-02]
 [ 2.23492778e+00  2.51715830e-01 -2.38762808e-02 ... -1.13795687e-02
   1.04082394e-02  8.39892574e-02]
 [ 2.05996231e+00  1.34753400e-01 -6.17781268e-03 ... -1.77623388e-02
  -2.88490236e-02  4.73284353e-02]]","(98, 22)"
65,./Sample-kelapa/data/cut_sample/muda/wav/muda11c.wav,muda11c.wav,immature,"[[ 2.56556619e+00 -1.94805919e-02 -2.02025332e-01 ...  2.56478567e-02
   2.02481719e-02  1.06895766e-02]
 [ 2.55780184e+00 -2.93823682e-02 -1.75264032e-01 ...  3.84143025e-02
   3.52202489e-02  3.02288723e-03]
 [ 2.58002453e+00 -6.00480078e-03 -1.40372768e-01 ...  3.63483590e-02
   1.86743192e-02 -1.52802332e-03]
 ...
 [ 1.94971417e+00 -3.24135615e-01 -1.49596275e-01 ...  5.18869801e-02
  -5.17433698e-02  3.10394147e-03]
 [ 1.92019042e+00 -3.37492668e-01 -1.73161086e-01 ...  6.20985180e-02
  -3.94346682e-02 -1.78035831e-02]
 [ 1.55189658e+00 -6.90222914e-02 -1.29821594e-01 ...  2.47488803e-02
  -1.01168448e-02 -1.23465964e-02]]","(98, 22)"
66,./Sample-kelapa/data/cut_sample/muda/wav/muda12a.wav,muda12a.wav,immature,"[[ 2.36601739e+00 -1.89379503e-01 -1.56239094e-01 ...  1.17398035e-02
   1.34249860e-02  1.81512535e-02]
 [ 2.35906458e+00 -1.23347490e-01 -1.06766043e-01 ... -1.03192434e-02
   1.73433201e-03  1.31556692e-02]
 [ 2.35516090e+00 -1.28226724e-01 -6.21519849e-02 ... -5.27320683e-03
  -1.09080537e-02 -5.43066333e-03]
 ...
 [ 1.41807239e+00 -8.03532474e-02 -5.98826249e-02 ...  1.20765453e-02
   9.79973339e-03  2.98592339e-03]
 [ 1.39965401e+00 -9.77604118e-02 -1.03738416e-01 ...  1.86707304e-03
   1.01920103e-02 -4.00889080e-03]
 [ 1.42483103e+00 -4.47328266e-02 -9.36036512e-02 ...  1.25763056e-02
   2.33788621e-02  5.54673608e-03]]","(98, 22)"
67,./Sample-kelapa/data/cut_sample/muda/wav/muda12b.wav,muda12b.wav,immature,"[[ 2.49029241 -0.00997336 -0.06133119 ...  0.01847905  0.01511476
  -0.00552396]
 [ 2.4985277  -0.00881297 -0.06861548 ...  0.03725802  0.02311377
  -0.01016289]
 [ 2.46161053 -0.04629769 -0.06453588 ...  0.01316381  0.02264706
   0.00811525]
 ...
 [ 2.75399192 -0.26259674  0.261951   ... -0.05402542 -0.0152932
   0.01798654]
 [ 2.66709193 -0.32271108  0.34620358 ... -0.0331027  -0.02872558
  -0.00897314]
 [ 2.33084939 -0.7452564   0.24303342 ... -0.00542569  0.00856429
   0.00735687]]","(98, 22)"
68,./Sample-kelapa/data/cut_sample/muda/wav/muda12c.wav,muda12c.wav,immature,"[[ 2.33375364e+00 -1.02019817e-01 -1.20808749e-02 ...  4.34177305e-03
   5.40068611e-03 -1.79396899e-02]
 [ 2.31388062e+00 -8.54857880e-02  1.86139028e-02 ...  4.40813818e-03
   1.10318839e-02 -6.73666385e-03]
 [ 2.27273770e+00 -1.32285691e-01  1.32486943e-02 ...  2.85565232e-02
   2.62957047e-02 -1.78596286e-02]
 ...
 [ 1.80421795e+00  2.39173392e-01 -1.65803901e-01 ...  4.62813885e-02
   3.54804515e-02 -1.47250642e-03]
 [ 1.62083803e+00  1.66778190e-01 -5.90946584e-02 ...  6.33711741e-03
   2.58863970e-02  3.54037633e-02]
 [ 1.50279819e+00  8.80482940e-02 -1.61487156e-02 ...  2.10117199e-02
   7.01754030e-03 -2.90238672e-03]]","(98, 22)"
69,./Sample-kelapa/data/cut_sample/muda/wav/muda13a.wav,muda13a.wav,immature,"[[ 2.8031103  -0.20079077 -0.24583544 ...  0.02133195 -0.02420898
  -0.00575052]
 [ 2.7995841  -0.18043017 -0.22495244 ...  0.03356121 -0.01364217
  -0.01143322]
 [ 2.81159821 -0.18701063 -0.2561256  ...  0.05450036 -0.01960888
  -0.00512049]
 ...
 [ 2.26384933 -0.41812058 -0.15413233 ...  0.05958755 -0.04449978
  -0.00675766]
 [ 2.20086099 -0.38658517 -0.20205817 ...  0.04743998 -0.04808306
  -0.00702183]
 [ 2.10742445 -0.32094263 -0.29107568 ...  0.03830778 -0.03545594
   0.00426885]]","(98, 22)"
70,./Sample-kelapa/data/cut_sample/muda/wav/muda13b.wav,muda13b.wav,immature,"[[ 2.42083315e+00 -1.29403520e-01 -9.87222760e-02 ...  2.09926751e-03
  -4.02616865e-03 -1.33536091e-02]
 [ 2.42199012e+00 -1.37108167e-01 -5.98929881e-02 ... -9.42252476e-03
   8.71520845e-04 -9.50399895e-04]
 [ 2.39317499e+00 -9.71520218e-02 -4.85502653e-02 ... -2.81748932e-02
  -5.51148692e-03  1.05365530e-02]
 ...
 [ 2.37143617e+00  6.04175860e-01 -2.07217932e-01 ...  2.59492723e-02
   4.72736361e-03  2.22452047e-02]
 [ 2.28790731e+00  5.44939545e-01 -2.21168847e-01 ...  8.51135009e-03
  -5.40002049e-03  6.19484473e-03]
 [ 2.15206650e+00  4.94387427e-01 -1.57036744e-01 ...  2.90005076e-02
   5.41573219e-02  3.11312966e-02]]","(98, 22)"
71,./Sample-kelapa/data/cut_sample/muda/wav/muda13c.wav,muda13c.wav,immature,"[[ 2.66277871e+00 -7.05875429e-03 -2.46392254e-01 ... -2.93995352e-02
   8.78250731e-03  3.15102227e-02]
 [ 2.66831139e+00  2.95807519e-02 -2.02763987e-01 ... -5.41909998e-03
   7.03947025e-03  2.77884403e-02]
 [ 2.66848215e+00 -5.06320057e-02 -2.77472423e-01 ... -1.67060282e-02
  -1.99606733e-03  5.73808172e-03]
 ...
 [ 2.25698803e+00  2.75015812e-01 -3.32436161e-01 ... -9.97868777e-03
  -1.08468155e-02  2.33126973e-02]
 [ 2.06129425e+00  1.59104510e-01 -3.05818545e-01 ... -1.10000468e-02
  -1.64163663e-02  1.43639259e-02]
 [ 2.07152469e+00  1.54759615e-01 -2.92471172e-01 ... -8.84164552e-03
  -1.20118111e-02  7.30139240e-03]]","(98, 22)"
72,./Sample-kelapa/data/cut_sample/muda/wav/muda14a.wav,muda14a.wav,immature,"[[ 2.38194516 -0.14707524 -0.069764   ...  0.00414379  0.005796
   0.01791904]
 [ 2.39944876 -0.16383256 -0.0580627  ... -0.0090957  -0.01805758
   0.00527241]
 [ 2.38413847 -0.16074159 -0.03642983 ... -0.00377102 -0.00642412
   0.01665629]
 ...
 [ 1.83676079 -0.3181295   0.12804871 ...  0.03479288 -0.05174307
   0.02607202]
 [ 1.79262346 -0.35923214  0.12213099 ...  0.02117666 -0.05605334
   0.02122679]
 [ 1.74929547 -0.3766563   0.10850655 ...  0.027873   -0.05182288
   0.01543242]]","(98, 22)"
73,./Sample-kelapa/data/cut_sample/muda/wav/muda14b.wav,muda14b.wav,immature,"[[ 2.20688068e+00 -2.94578200e-01 -2.68309556e-02 ...  1.05304761e-02
  -5.66273144e-06 -4.13626668e-03]
 [ 2.17110830e+00 -3.18182670e-01 -4.67650752e-02 ...  1.98733502e-02
  -7.48987344e-04 -6.43645779e-03]
 [ 2.20954985e+00 -2.90563454e-01 -4.85385661e-02 ... -3.83399925e-03
   4.29711599e-03  2.00807286e-02]
 ...
 [ 1.18497329e+00 -1.30688225e-02  5.70485815e-02 ... -7.25145473e-03
  -1.55399937e-02 -3.06234515e-03]
 [ 1.16323133e+00 -1.33973576e-02  1.18933639e-01 ...  2.57716449e-05
  -2.39772741e-03  2.06605476e-03]
 [ 1.13973459e+00 -2.47235091e-02  1.15101753e-01 ...  4.13635019e-03
  -1.46299100e-02  2.07601520e-04]]","(98, 22)"
74,./Sample-kelapa/data/cut_sample/muda/wav/muda14c.wav,muda14c.wav,immature,"[[ 2.25524354e+00 -1.91722348e-01  9.28814311e-02 ...  1.06351138e-02
  -2.43559154e-03  2.05703306e-02]
 [ 2.25068338e+00 -1.73811537e-01  1.22394012e-01 ...  1.16180288e-02
  -1.70746919e-02 -3.48788639e-04]
 [ 2.28073422e+00 -1.55499003e-01  8.52250701e-02 ...  2.37874227e-02
   9.05048913e-03  4.15601996e-03]
 ...
 [ 1.63960678e+00  4.45775504e-01  1.59891137e-01 ... -2.15089005e-02
  -2.44288582e-03  2.78360110e-02]
 [ 1.56415757e+00  4.19476132e-01  1.70491717e-01 ... -1.53015959e-02
  -3.28947903e-04  3.08832695e-02]
 [ 1.36522421e+00  2.14508743e-01  5.45032680e-02 ... -1.57791842e-03
  -9.22683520e-03  8.65821819e-03]]","(98, 22)"
75,./Sample-kelapa/data/cut_sample/muda/wav/muda15a.wav,muda15a.wav,immature,"[[ 2.96324292e+00 -4.26833376e-01  2.12969308e-02 ...  3.16811515e-02
   1.66976024e-02 -9.31143176e-03]
 [ 2.87272899e+00 -5.33385052e-01  2.47224064e-02 ... -2.55290902e-02
   5.66876263e-05 -1.22870548e-02]
 [ 2.85727211e+00 -5.43323768e-01  1.90269806e-03 ... -8.00931008e-03
   1.56036136e-02  1.72579225e-02]
 ...
 [ 1.18092633e+00  2.66267481e-01  6.91501094e-02 ... -1.03739544e-02
  -8.40058045e-03 -7.28239225e-03]
 [ 1.12935184e+00  2.32457732e-01  4.44420710e-02 ... -1.81901135e-02
  -4.42127713e-03 -4.94530476e-03]
 [ 1.15802971e+00  2.66440947e-01  6.56798613e-02 ... -1.39834635e-02
  -1.22179847e-02 -9.65458421e-03]]","(98, 22)"
76,./Sample-kelapa/data/cut_sample/muda/wav/muda15b.wav,muda15b.wav,immature,"[[ 2.54238919e+00 -2.34184075e-01  7.32790460e-02 ...  3.98677001e-02
   1.94493641e-02 -2.60134583e-03]
 [ 2.54513325e+00 -2.82375431e-01  2.14849982e-02 ...  5.54834825e-02
   4.93056141e-03 -8.64024996e-03]
 [ 2.50673055e+00 -3.12007157e-01 -3.68280248e-02 ...  3.02121740e-02
   1.71987745e-03 -8.94355000e-03]
 ...
 [ 1.64455772e+00  8.59530135e-02 -9.05692148e-03 ...  8.44420737e-03
  -2.07370754e-02 -1.50767622e-02]
 [ 1.58217397e+00  9.67083632e-02 -4.77066970e-03 ...  1.43266579e-02
  -8.95583638e-03  1.15090572e-03]
 [ 1.54908998e+00  1.09877115e-01 -1.85018342e-02 ...  2.19703923e-02
   1.23200963e-02  1.14032695e-02]]","(98, 22)"
77,./Sample-kelapa/data/cut_sample/muda/wav/muda15c.wav,muda15c.wav,immature,"[[ 2.40461960e+00 -1.50488919e-01  1.44899629e-02 ...  3.80270988e-05
   7.73266148e-03 -1.76836959e-02]
 [ 2.38933835e+00 -1.72201764e-01 -4.41203171e-02 ... -4.94685591e-03
   4.54590526e-03 -2.28291771e-03]
 [ 2.38947506e+00 -1.90860050e-01 -1.20917176e-01 ... -7.50490788e-03
   2.55411981e-02  9.38079752e-04]
 ...
 [ 1.83244272e+00  4.72114154e-01  1.39204104e-01 ...  3.36943765e-02
   2.14480718e-02  3.32972526e-02]
 [ 1.69135771e+00  3.18428568e-01  6.35372670e-02 ...  2.16639357e-02
  -1.95228015e-03  2.24322173e-02]
 [ 1.54834918e+00  1.38973342e-01 -8.61997725e-02 ...  9.46114103e-03
  -1.28971050e-02  1.77938547e-02]]","(98, 22)"
78,./Sample-kelapa/data/cut_sample/muda/wav/muda16a.wav,muda16a.wav,immature,"[[ 2.14319362e+00 -2.80130733e-01 -1.60999971e-02 ... -1.91315507e-03
   1.94511765e-02  1.72717110e-02]
 [ 2.13230059e+00 -2.89142891e-01  2.31525140e-02 ... -3.91347666e-03
  -3.87383399e-03  1.66494747e-02]
 [ 2.20611613e+00 -2.70437663e-01 -2.34058210e-02 ... -8.03925291e-04
  -9.08082540e-03  1.28997133e-02]
 ...
 [ 1.32300794e+00 -1.28920282e-01  4.80880983e-03 ... -9.86873513e-03
  -1.01323698e-02 -1.18357065e-02]
 [ 1.32530971e+00 -1.55708623e-01  4.75154605e-02 ...  4.02859228e-03
   7.55401699e-03  4.82060681e-03]
 [ 1.29494455e+00 -1.51341356e-01  8.14017237e-02 ... -1.81464995e-04
   6.83983987e-03 -3.02013997e-03]]","(98, 22)"
79,./Sample-kelapa/data/cut_sample/muda/wav/muda16b.wav,muda16b.wav,immature,"[[ 2.50075377e+00 -1.40595499e-02  6.51928295e-02 ...  2.92444301e-02
  -3.16708110e-03 -1.82746776e-02]
 [ 2.52469943e+00 -8.53834006e-03  5.80833690e-02 ...  2.47458902e-02
  -2.45254525e-02 -1.83587799e-02]
 [ 2.49134857e+00 -7.24884808e-03  6.14986149e-02 ...  1.68563917e-02
  -1.20557383e-02 -2.51637642e-02]
 ...
 [ 2.22868685e+00  1.93331678e-01 -9.26255836e-02 ... -3.27245797e-02
  -7.23232702e-02  1.89676719e-02]
 [ 2.22801476e+00  1.26240280e-01 -1.25710504e-01 ... -3.59422851e-02
  -5.05971440e-02  2.20634512e-02]
 [ 1.73054131e+00  2.04980639e-02 -1.42709077e-01 ... -2.01488213e-02
  -3.91411411e-04  3.06435314e-03]]","(98, 22)"
80,./Sample-kelapa/data/cut_sample/muda/wav/muda16c.wav,muda16c.wav,immature,"[[ 2.18170744e+00 -1.45962578e-01  1.43761332e-01 ...  5.59031715e-04
  -7.22358146e-03 -1.92285121e-02]
 [ 2.18445190e+00 -1.23369525e-01  1.50114986e-01 ...  2.26087510e-03
  -2.35550245e-02 -1.23499963e-02]
 [ 2.20860018e+00 -1.07904622e-01  1.74293590e-01 ...  4.27178173e-04
  -1.70868380e-02 -1.83129896e-02]
 ...
 [ 1.88603506e+00  6.54639888e-01  3.72781334e-01 ...  1.71884357e-03
   2.56019240e-02  2.94349990e-02]
 [ 1.86744666e+00  6.38342520e-01  3.54420822e-01 ...  1.54209570e-02
   2.39700305e-02  3.26525457e-02]
 [ 1.65637184e+00  4.60147467e-01  2.62704247e-01 ...  1.96140013e-02
   3.32956669e-02  2.99261870e-02]]","(98, 22)"
81,./Sample-kelapa/data/cut_sample/muda/wav/muda17a.wav,muda17a.wav,immature,"[[ 2.38611752e+00 -1.52111011e-01 -1.09774599e-01 ...  2.77284289e-03
   2.37460112e-02  1.49792402e-02]
 [ 2.40097330e+00 -1.25455093e-01 -1.54047217e-01 ...  5.70921713e-04
  -5.77686348e-04  3.60091316e-03]
 [ 2.46969598e+00 -1.08501702e-01 -1.94036621e-01 ...  1.12492262e-02
   1.87922044e-02  2.06502685e-02]
 ...
 [ 1.84307740e+00 -4.82811116e-02 -5.57834804e-01 ... -8.25528353e-03
  -5.43793401e-02  3.46628351e-04]
 [ 1.46186310e+00 -8.41995555e-02 -1.12754320e-01 ...  1.10943567e-04
  -6.66964186e-04 -1.64319890e-03]
 [ 1.45952640e+00 -7.26538081e-02 -1.29062927e-01 ... -1.58918548e-03
  -7.52286110e-03  5.01305254e-03]]","(98, 22)"
82,./Sample-kelapa/data/cut_sample/muda/wav/muda17b.wav,muda17b.wav,immature,"[[ 2.46056782e+00 -9.79205919e-02 -7.95794975e-02 ...  5.28374798e-03
   1.82604872e-02  4.19023207e-03]
 [ 2.43581110e+00 -1.09165534e-01 -1.19782248e-01 ...  1.78409744e-02
   6.27581339e-03  2.29959492e-03]
 [ 2.44304057e+00 -1.32117886e-01 -1.39007232e-01 ...  5.27377499e-03
   1.51171464e-02 -3.34803904e-03]
 ...
 [ 1.91844759e+00  5.52276126e-01  1.84835401e-01 ... -4.81765281e-02
   2.00211177e-02  4.84361091e-02]
 [ 1.78503869e+00  4.55338673e-01  2.04360099e-01 ... -2.07457344e-02
   2.73842439e-02  4.38421910e-02]
 [ 1.56860548e+00  2.24102868e-01  6.63648417e-02 ... -3.26680220e-02
   2.34395187e-02  4.24323396e-02]]","(98, 22)"
83,./Sample-kelapa/data/cut_sample/muda/wav/muda17c.wav,muda17c.wav,immature,"[[ 2.53646003e+00 -8.53179002e-02 -7.66573279e-02 ...  2.33969724e-02
   5.02397259e-02  1.07564435e-02]
 [ 2.52509490e+00 -9.66491401e-02 -1.00377283e-01 ... -2.62129554e-03
   1.32626177e-02 -1.52975938e-02]
 [ 2.47946827e+00 -1.30787627e-01 -6.54161797e-02 ...  8.57101727e-04
   3.53966998e-02  2.20796806e-02]
 ...
 [ 1.87194041e+00 -1.97335660e-01 -4.30285577e-01 ...  2.71685470e-02
  -2.51193791e-02 -3.95791649e-02]
 [ 1.84618306e+00 -1.69779133e-01 -3.88878864e-01 ...  3.91864175e-02
  -2.94045668e-02 -3.74919482e-02]
 [ 1.47687741e+00 -4.62300027e-02 -1.84630277e-02 ...  8.46296221e-03
   8.54859785e-03  4.33308279e-03]]","(98, 22)"
84,./Sample-kelapa/data/cut_sample/muda/wav/muda18a.wav,muda18a.wav,immature,"[[ 2.54403996e+00 -1.00308510e-01 -2.15767514e-01 ... -9.61252248e-03
   1.31270690e-02  3.15664063e-02]
 [ 2.54349992e+00 -1.31637091e-01 -2.61247735e-01 ...  9.61330732e-03
   3.15988351e-03 -5.15225879e-04]
 [ 2.52236203e+00 -1.47093033e-01 -1.80449264e-01 ... -9.96181079e-04
   1.20281330e-02  2.34665747e-02]
 ...
 [ 1.92142424e+00  3.77287726e-01 -3.96602835e-01 ... -8.12796401e-02
  -3.26476279e-02  2.29246625e-02]
 [ 1.89278130e+00  3.69269935e-01 -3.81689633e-01 ... -7.83497157e-02
   2.98607255e-04  3.04653848e-02]
 [ 1.86672751e+00  3.15674744e-01 -3.84659060e-01 ... -8.23440257e-02
  -1.79550427e-02  7.79347294e-03]]","(98, 22)"
85,./Sample-kelapa/data/cut_sample/muda/wav/muda18b.wav,muda18b.wav,immature,"[[ 2.32967203e+00 -1.39774612e-01 -6.47768901e-02 ... -1.17873148e-02
   1.10036439e-02  2.22454357e-02]
 [ 2.32006555e+00 -1.11309484e-01 -3.02101066e-02 ... -5.73436421e-04
   1.91834336e-02  1.06193341e-02]
 [ 2.27646201e+00 -1.27979303e-01  5.38964685e-03 ...  1.55504812e-02
   7.90122635e-03  1.97862981e-03]
 ...
 [ 1.23237458e+00 -3.10264088e-02  5.53149647e-02 ...  1.49300065e-02
  -7.10294279e-03  4.39811328e-03]
 [ 1.22212051e+00 -1.69384918e-02  2.69087314e-02 ...  1.42777358e-02
   6.90376475e-03  1.73244322e-02]
 [ 1.17852744e+00 -2.06062994e-02  4.27068009e-02 ...  1.05869110e-02
  -5.17822132e-03  3.04893966e-04]]","(98, 22)"
86,./Sample-kelapa/data/cut_sample/muda/wav/muda18c.wav,muda18c.wav,immature,"[[ 2.24333671e+00 -1.66130759e-01 -4.89977795e-03 ...  2.93912962e-03
   7.49165954e-03 -5.11656722e-04]
 [ 2.26274896e+00 -1.70644117e-01 -5.54393014e-02 ... -1.50215832e-02
   6.92584076e-03  3.36027823e-02]
 [ 2.31492333e+00 -1.60498135e-01 -7.41033172e-02 ... -2.90559358e-03
   5.37526324e-03  2.49756900e-02]
 ...
 [ 1.37951429e+00  1.60006548e-01 -1.22446431e-01 ... -5.52608129e-03
   1.19435274e-02  7.32259958e-03]
 [ 1.36079975e+00  1.80511146e-01 -1.06606027e-01 ... -1.03044987e-02
   8.91966082e-03  1.27943046e-02]
 [ 1.28657907e+00  1.42266289e-01 -9.24646417e-02 ... -8.70455378e-03
   2.22333847e-03  6.57855225e-03]]","(98, 22)"
87,./Sample-kelapa/data/cut_sample/muda/wav/muda19a.wav,muda19a.wav,immature,"[[ 3.22198364e+00 -8.60389356e-01  1.94654330e-01 ...  2.82582929e-03
  -2.14619207e-03 -1.00230623e-02]
 [ 3.19956159e+00 -8.44619721e-01  2.10460678e-01 ...  1.03873717e-02
   1.80577980e-03  5.84610099e-03]
 [ 3.16082361e+00 -8.38534622e-01  1.90599391e-01 ... -1.07609709e-02
  -2.16306423e-02  2.16960728e-02]
 ...
 [ 1.66034293e+00  4.47766316e-01  9.33605865e-02 ... -1.48596184e-02
  -1.76228284e-02 -1.24467066e-03]
 [ 1.31519743e+00  1.59639575e-01  1.32419166e-02 ...  1.51242030e-03
   1.02277517e-02  1.39857193e-02]
 [ 1.28153707e+00  1.45163284e-01  1.92779624e-02 ...  9.43545514e-03
   1.30646976e-02  8.52893548e-03]]","(98, 22)"
88,./Sample-kelapa/data/cut_sample/muda/wav/muda19b.wav,muda19b.wav,immature,"[[ 2.61706416e+00 -1.75527381e-02 -5.68111242e-02 ... -5.57875424e-03
  -6.11180828e-03  1.62011778e-02]
 [ 2.59525708e+00 -6.18458054e-02 -1.04866007e-01 ... -2.47591851e-03
   8.53187046e-03  2.60175805e-02]
 [ 2.57748857e+00 -6.47719658e-02 -6.45099675e-02 ... -5.74374622e-03
  -1.27503840e-02 -1.27926220e-02]
 ...
 [ 2.36110673e+00  1.91130178e-01 -2.55276905e-01 ...  1.75070919e-02
  -5.18115949e-03  2.66788114e-02]
 [ 2.15979624e+00  1.57655022e-01 -2.21764123e-01 ...  1.45019783e-02
  -2.90200286e-02 -1.59499238e-02]
 [ 2.04961234e+00  1.17448084e-02 -2.75833555e-01 ...  4.44070437e-02
  -2.43971522e-02 -4.26716597e-02]]","(98, 22)"
89,./Sample-kelapa/data/cut_sample/muda/wav/muda19c.wav,muda19c.wav,immature,"[[ 2.96037340e+00 -4.17011386e-01 -1.89998141e-01 ... -4.38457892e-03
   4.85104487e-03  5.34417531e-03]
 [ 2.92608991e+00 -4.37656248e-01 -2.09610603e-01 ... -4.25629156e-02
  -5.43191561e-03 -2.35487730e-03]
 [ 2.90496854e+00 -4.12475895e-01 -2.02424722e-01 ... -1.38253310e-02
   8.87466473e-03 -2.39085811e-02]
 ...
 [ 2.09454448e+00  1.69346692e-01  6.98267356e-02 ... -3.70809038e-02
  -5.67182146e-03  2.86795277e-02]
 [ 2.06553081e+00  1.72693354e-01  3.62977110e-02 ... -1.69779410e-02
  -2.24561551e-02  1.30130586e-02]
 [ 2.03018554e+00  1.25472392e-01  7.51678129e-03 ... -9.36517422e-03
  -9.88640885e-03  1.08806440e-02]]","(98, 22)"
90,./Sample-kelapa/data/cut_sample/muda/wav/muda1a.wav,muda1a.wav,immature,"[[ 2.16833574e+00 -2.52533267e-01  1.75745699e-01 ...  1.83313587e-02
  -5.35834412e-03 -7.25713520e-03]
 [ 2.15205358e+00 -2.75086360e-01  1.72924634e-01 ...  1.60760905e-02
  -1.07627733e-03 -2.57156619e-03]
 [ 2.10919276e+00 -2.52661691e-01  1.42858661e-01 ...  7.08820783e-03
   3.43211291e-03  2.77949871e-03]
 ...
 [ 1.83488090e+00  6.11195466e-02  5.77539932e-01 ...  2.58130932e-02
  -3.87680164e-02  2.31296461e-02]
 [ 1.56978829e+00 -7.35109437e-02  4.54474628e-01 ...  2.56006829e-02
  -2.65336062e-02  2.30286148e-02]
 [ 1.46392936e+00 -2.25324767e-03  3.63601771e-01 ...  9.99675372e-03
  -3.27300911e-02  9.41291086e-03]]","(98, 22)"
91,./Sample-kelapa/data/cut_sample/muda/wav/muda1b.wav,muda1b.wav,immature,"[[ 2.61245190e+00 -1.02557685e-01 -1.09060591e-01 ...  8.97730984e-03
   2.69917101e-02 -3.78899231e-02]
 [ 2.62765874e+00 -4.82577057e-02 -1.61887615e-01 ...  7.38046723e-03
   1.64481614e-02 -4.56014470e-02]
 [ 2.63968965e+00 -5.07461171e-02 -1.84841474e-01 ...  1.81996617e-02
   3.62890300e-02 -2.23935156e-02]
 ...
 [ 2.11635365e+00  3.38922512e-01 -1.03172953e-01 ... -2.23948254e-02
  -1.16915665e-02 -5.32077524e-04]
 [ 2.15447506e+00  3.66289718e-01 -1.22916181e-01 ... -3.10107903e-02
  -2.41727181e-02 -4.34308943e-03]
 [ 2.01389911e+00  3.22362458e-01 -9.43554242e-02 ...  2.24507095e-03
   2.85146953e-03 -1.67263719e-02]]","(98, 22)"
92,./Sample-kelapa/data/cut_sample/muda/wav/muda1c.wav,muda1c.wav,immature,"[[ 2.32534162e+00 -8.91723145e-02  2.99028250e-02 ... -4.00893566e-03
  -1.62525556e-02 -6.61551743e-03]
 [ 2.35765871e+00 -5.49597870e-02  1.01919399e-02 ... -4.22849755e-03
   1.82312810e-03 -2.01728854e-02]
 [ 2.37225709e+00 -3.18168538e-02  3.72951836e-02 ... -3.57732917e-03
   9.28154202e-03 -1.28405229e-02]
 ...
 [ 1.65447472e+00 -2.39611435e-01  8.20991153e-03 ...  1.80612968e-02
  -3.22203140e-02  2.62486660e-02]
 [ 1.60882025e+00 -2.47109557e-01 -6.04308057e-03 ...  1.68416955e-03
  -3.63886908e-02  1.40566051e-02]
 [ 1.44792394e+00 -1.06652431e-01  5.92498469e-02 ...  6.47577702e-03
  -4.06334452e-03 -3.54917126e-03]]","(98, 22)"
93,./Sample-kelapa/data/cut_sample/muda/wav/muda20a.wav,muda20a.wav,immature,"[[ 2.51195007e+00 -3.45614269e-02 -1.30721547e-01 ... -3.20163136e-03
   1.44464795e-02  1.40157882e-02]
 [ 2.55900601e+00 -6.06724237e-02 -2.06210093e-01 ... -1.68347037e-02
   3.66425081e-03  1.29428096e-02]
 [ 2.64340220e+00  9.97953074e-03 -2.06785280e-01 ... -9.13034801e-03
   8.21398786e-03  2.29962659e-02]
 ...
 [ 2.45960077e+00  4.20201356e-01 -4.46565030e-01 ... -2.10680207e-02
  -4.23810117e-04  3.22348622e-02]
 [ 2.35525611e+00  3.87083292e-01 -3.99057920e-01 ... -1.89801655e-02
   3.33291656e-02  5.45521527e-02]
 [ 2.30994454e+00  3.28976072e-01 -4.47968439e-01 ... -3.18234710e-02
   1.43454329e-02  3.88956134e-02]]","(98, 22)"
94,./Sample-kelapa/data/cut_sample/muda/wav/muda20b.wav,muda20b.wav,immature,"[[ 2.49276387e+00 -8.00304980e-02 -1.19752610e-01 ... -1.39035495e-02
   1.71276352e-02  1.60577060e-02]
 [ 2.46321244e+00 -9.06997785e-02 -1.48147819e-01 ... -1.99199622e-02
   1.26521295e-02  2.02480802e-02]
 [ 2.48072195e+00 -1.03876926e-01 -1.47106060e-01 ... -2.66472506e-03
   1.60900319e-02 -1.86321251e-02]
 ...
 [ 1.99494566e+00  9.69023541e-02  9.05688549e-02 ... -3.98075840e-02
  -3.56932458e-02  1.40742255e-02]
 [ 1.96664994e+00  8.75334967e-02  8.58089348e-02 ... -3.72774143e-02
  -4.50831780e-02  1.78542047e-03]
 [ 1.86919528e+00  2.34160664e-01 -1.41619227e-02 ... -2.95120460e-02
  -3.32388702e-02 -9.62498817e-03]]","(98, 22)"
95,./Sample-kelapa/data/cut_sample/muda/wav/muda20c.wav,muda20c.wav,immature,"[[ 2.63227441e+00 -7.26817971e-02 -6.23089289e-02 ... -2.44366736e-03
   2.97239896e-03 -2.69567734e-02]
 [ 2.60227888e+00 -7.42538831e-02 -7.60008968e-02 ... -1.81069141e-03
   6.52099544e-03 -1.16934436e-02]
 [ 2.52957572e+00 -1.46093609e-01 -1.16472710e-01 ...  7.08857776e-03
  -7.88793883e-03 -2.12104641e-02]
 ...
 [ 2.00424560e+00  3.08306913e-01 -2.05567084e-01 ...  3.81425547e-04
  -6.70311378e-02 -1.47709131e-02]
 [ 1.53104020e+00  9.71244760e-02 -1.49952742e-01 ...  3.49434171e-02
  -6.50056544e-03 -4.82685280e-03]
 [ 1.52653742e+00  9.43818151e-02 -1.39661275e-01 ...  1.98494457e-02
  -2.05598941e-02 -6.60834397e-03]]","(98, 22)"
96,./Sample-kelapa/data/cut_sample/muda/wav/muda2a.wav,muda2a.wav,immature,"[[ 2.09649790e+00 -2.22120221e-01  1.36238848e-01 ...  1.02351602e-02
   6.53105038e-03  1.08752512e-02]
 [ 2.08456078e+00 -2.23455447e-01  1.59029891e-01 ...  1.01550932e-02
   9.73685614e-03  5.41176906e-03]
 [ 2.08812604e+00 -2.10460430e-01  1.93139402e-01 ...  3.23275566e-03
  -9.75058462e-03 -7.56836497e-04]
 ...
 [ 1.29640881e+00 -2.55153644e-02  1.70392399e-01 ...  3.32029476e-04
   7.88003699e-03  1.70705724e-03]
 [ 1.30073255e+00 -4.22748123e-02  1.99223207e-01 ... -8.50888205e-04
   2.09624864e-03  1.28847060e-02]
 [ 1.30612937e+00 -2.62890429e-02  2.03589541e-01 ...  3.17620168e-03
  -1.76210117e-03  5.44965649e-03]]","(98, 22)"
97,./Sample-kelapa/data/cut_sample/muda/wav/muda2b.wav,muda2b.wav,immature,"[[ 2.58246892e+00 -8.29020712e-02 -2.00827667e-01 ...  3.94540077e-04
  -6.00177425e-03  3.83012259e-03]
 [ 2.59486549e+00 -5.41686602e-02 -1.59472712e-01 ... -1.16757822e-02
  -6.12668968e-03  4.97258733e-03]
 [ 2.55035811e+00 -1.06388796e-01 -2.34757872e-01 ... -1.86979772e-02
   8.31509884e-03  2.76623819e-02]
 ...
 [ 1.67454654e+00 -6.23580296e-02 -2.86550826e-01 ... -8.01575469e-03
  -2.77599968e-02  8.38044233e-03]
 [ 1.69231166e+00 -3.33936875e-02 -2.56587651e-01 ...  2.11968120e-03
  -9.38123608e-03  1.38677721e-02]
 [ 1.61848968e+00 -4.98655917e-02 -2.68167231e-01 ... -2.17630593e-03
  -2.48735536e-02  1.09043476e-02]]","(98, 22)"
98,./Sample-kelapa/data/cut_sample/muda/wav/muda2c.wav,muda2c.wav,immature,"[[ 2.47067147e+00 -2.26801671e-02 -3.01557528e-02 ... -9.85881551e-03
   7.73077646e-03  2.84052704e-03]
 [ 2.49150758e+00 -3.70825731e-02 -6.70132162e-02 ... -1.24107889e-02
  -1.48650904e-02 -4.78616332e-03]
 [ 2.50102685e+00 -4.37469840e-02 -5.29181309e-02 ...  3.51475347e-03
  -9.59685656e-03  2.73425174e-03]
 ...
 [ 2.41903964e+00  2.85057719e-01 -2.57269551e-01 ... -5.77646705e-02
  -4.40894631e-02  2.84434281e-02]
 [ 2.18866882e+00  3.94204779e-01 -4.56413239e-02 ... -5.95978365e-02
  -6.01624825e-02 -9.50913989e-03]
 [ 1.86153526e+00  5.13660225e-02 -1.43824592e-01 ... -1.66420867e-02
  -2.19228690e-03  2.76506188e-02]]","(98, 22)"
99,./Sample-kelapa/data/cut_sample/muda/wav/muda3a.wav,muda3a.wav,immature,"[[ 2.51269552e+00 -3.01504106e-02  4.65000196e-04 ...  3.15556928e-03
  -1.23786276e-02 -2.08937995e-02]
 [ 2.43598208e+00 -9.49014448e-02 -6.27911015e-02 ... -9.11296686e-03
  -1.85301639e-02 -2.94487450e-02]
 [ 2.43613596e+00 -1.17666801e-01 -1.15715861e-01 ... -3.42994380e-03
  -5.82174554e-03 -7.82604685e-03]
 ...
 [ 1.98047991e+00  6.69986823e-01  2.37608332e-01 ... -2.52003695e-02
   3.01373946e-02  5.97210814e-03]
 [ 1.91246075e+00  6.61142433e-01  2.21101498e-01 ... -7.96555663e-03
   2.84758560e-02 -5.68264449e-03]
 [ 1.91824775e+00  6.68330861e-01  1.83923458e-01 ... -2.74189327e-02
   1.80832940e-02 -1.78091890e-02]]","(98, 22)"
100,./Sample-kelapa/data/cut_sample/muda/wav/muda3b.wav,muda3b.wav,immature,"[[ 2.52730948e+00 -7.70021655e-02 -1.88008707e-01 ...  1.34409960e-02
   7.42619961e-03  1.21400149e-02]
 [ 2.57014232e+00 -9.36964797e-02 -2.01535837e-01 ...  1.02113066e-02
  -1.10499084e-02  1.94761176e-02]
 [ 2.53364416e+00 -8.99910133e-02 -1.83479357e-01 ...  2.18072738e-02
  -1.39842358e-03  1.31743768e-02]
 ...
 [ 1.97913790e+00  4.44902145e-01 -1.14551892e-02 ...  2.20836344e-02
   3.93853774e-02  3.31349192e-02]
 [ 1.94099412e+00  4.55869144e-01 -2.55886420e-02 ...  1.89619534e-02
   4.50444623e-02  3.69795629e-02]
 [ 1.65007714e+00  2.13554531e-01  1.21835924e-02 ...  1.43048931e-02
  -3.62645735e-04 -2.26640228e-02]]","(98, 22)"
101,./Sample-kelapa/data/cut_sample/muda/wav/muda3c.wav,muda3c.wav,immature,"[[ 2.36135541e+00 -8.05570568e-02 -3.29269707e-02 ...  8.86089498e-05
   4.96632534e-03  1.75161266e-02]
 [ 2.36001724e+00 -6.66537490e-02 -4.63801784e-02 ... -6.28330448e-03
  -8.16066100e-04  2.79250246e-02]
 [ 2.34832646e+00 -1.19135838e-01 -6.49803075e-02 ... -1.13733041e-02
   8.93697318e-03  1.85509718e-02]
 ...
 [ 1.95415567e+00  2.01187692e-01 -3.28127162e-01 ... -1.49645446e-02
   2.89112149e-02  3.53784338e-02]
 [ 1.94750736e+00  1.87263353e-01 -3.79307984e-01 ... -5.70078753e-05
   4.17455406e-02  2.22532298e-02]
 [ 1.75011956e+00  2.62450020e-02 -3.48357901e-01 ... -1.79902544e-03
   4.05281636e-02 -5.64842839e-03]]","(98, 22)"
102,./Sample-kelapa/data/cut_sample/muda/wav/muda4a.wav,muda4a.wav,immature,"[[ 2.50880352 -0.20126216 -0.15155877 ... -0.0223225   0.00639177
  -0.01693793]
 [ 2.55823073 -0.11350463 -0.17008014 ... -0.02595277 -0.00468539
   0.00450711]
 [ 2.54916609 -0.15839639 -0.18050442 ... -0.01169636 -0.01234674
  -0.00788464]
 ...
 [ 2.11674954 -0.23039609 -0.35016877 ...  0.00284488  0.01704778
  -0.0718889 ]
 [ 2.01204523 -0.12332134 -0.31518171 ...  0.01086041  0.01719836
  -0.04889708]
 [ 1.71704548 -0.12012896 -0.13242854 ...  0.01570024  0.00560256
   0.00513013]]","(98, 22)"
103,./Sample-kelapa/data/cut_sample/muda/wav/muda4b.wav,muda4b.wav,immature,"[[ 2.62293725 -0.05519841 -0.16341422 ... -0.00864952  0.01299722
   0.02917685]
 [ 2.58908945 -0.06675673 -0.12107731 ... -0.01563406  0.00517199
   0.02831788]
 [ 2.55607552 -0.09632424 -0.16510991 ... -0.00890266 -0.01433067
   0.01675517]
 ...
 [ 2.40849011 -0.25859347 -0.17358217 ...  0.03692238  0.0196491
   0.02991091]
 [ 2.24357558 -0.34658841 -0.14018732 ...  0.01460524  0.03503315
   0.01834986]
 [ 2.15936926 -0.38529861 -0.08322792 ...  0.02255243  0.03844077
  -0.00392289]]","(98, 22)"
104,./Sample-kelapa/data/cut_sample/muda/wav/muda4c.wav,muda4c.wav,immature,"[[ 2.35230232e+00 -1.11345803e-01 -2.23509029e-02 ... -2.32555003e-03
   1.34508294e-02  1.09978103e-02]
 [ 2.38061103e+00 -9.66141567e-02 -5.47341189e-02 ...  7.45236844e-03
  -1.24190857e-02 -3.20349065e-03]
 [ 2.38050966e+00 -5.88694613e-02 -1.50576281e-02 ...  2.32104741e-02
   4.48979654e-03  7.03491040e-03]
 ...
 [ 1.75789295e+00  3.36643240e-01  2.06784891e-01 ... -3.44288135e-02
   1.23019672e-02  3.80385057e-02]
 [ 1.44724004e+00 -8.08332422e-03 -9.09418692e-03 ... -4.75999455e-03
   1.78961773e-02  1.36020955e-02]
 [ 1.40741118e+00  5.75155159e-03 -8.04799622e-03 ... -2.11804051e-02
   4.11287609e-03  1.72620170e-02]]","(98, 22)"
105,./Sample-kelapa/data/cut_sample/muda/wav/muda5a.wav,muda5a.wav,immature,"[[ 2.52896515 -0.09418084 -0.21387785 ...  0.00748318  0.02372107
   0.00400729]
 [ 2.52079274 -0.10136847 -0.18735558 ...  0.00888872  0.01422988
   0.03275547]
 [ 2.5193733  -0.1628834  -0.22354758 ... -0.00788867  0.00615331
   0.01427824]
 ...
 [ 1.90109951 -0.22352686  0.07037004 ...  0.02557605 -0.04915424
   0.04037055]
 [ 1.88330597 -0.22251402  0.08866484 ...  0.03110686 -0.03927838
   0.03626606]
 [ 1.87593338 -0.25680667  0.07450536 ...  0.03292806 -0.0501515
   0.03099936]]","(98, 22)"
106,./Sample-kelapa/data/cut_sample/muda/wav/muda5b.wav,muda5b.wav,immature,"[[ 2.77063896e+00 -3.08027272e-01 -8.18677345e-02 ... -1.09388466e-02
   6.53972408e-03 -1.16949013e-04]
 [ 2.75738854e+00 -3.28743623e-01 -8.05747589e-02 ... -5.80613896e-03
   3.70668869e-03  1.60378286e-02]
 [ 2.66687315e+00 -2.80089386e-01 -3.16344042e-03 ...  2.51947728e-02
   1.53838550e-02  6.55082800e-03]
 ...
 [ 2.26655474e+00 -4.71793707e-01  3.68723958e-01 ... -2.36936322e-02
  -3.04166647e-02  2.78622382e-02]
 [ 2.24681510e+00 -4.06472769e-01  3.50839594e-01 ... -1.73129952e-02
  -1.41590259e-02  3.92559212e-02]
 [ 1.91646249e+00 -4.15963524e-01  3.29403252e-01 ... -2.32062743e-02
   1.56794715e-02  1.89717337e-02]]","(98, 22)"
107,./Sample-kelapa/data/cut_sample/muda/wav/muda5c.wav,muda5c.wav,immature,"[[ 2.54936642e+00 -1.62674558e-02 -9.07755125e-02 ... -9.84171319e-03
   1.24380860e-02  1.37465978e-03]
 [ 2.57301640e+00 -2.87327591e-02 -7.12500143e-02 ... -2.21329329e-03
  -1.03849130e-02 -2.05842292e-02]
 [ 2.56536037e+00 -5.21659082e-02 -8.65575443e-02 ...  4.96572070e-03
  -1.10059866e-03  3.06464285e-03]
 ...
 [ 2.71163595e+00 -1.90825403e-01 -2.24107692e-01 ...  2.52082675e-02
   1.44437607e-02  2.44660385e-02]
 [ 3.41344842e+00 -6.93511673e-01  1.64345464e-01 ...  1.13598570e-02
  -1.09275855e-02 -3.05377971e-04]
 [ 3.75046544e+00 -9.94694146e-01  2.66933819e-01 ...  2.43230385e-02
  -1.29983574e-02  1.34062916e-02]]","(98, 22)"
108,./Sample-kelapa/data/cut_sample/muda/wav/muda6a.wav,muda6a.wav,immature,"[[ 2.37316417e+00 -1.79874570e-01 -2.03660386e-01 ... -6.33457987e-03
  -8.88366623e-03  1.90598941e-02]
 [ 2.36123130e+00 -1.81708833e-01 -1.67839718e-01 ... -1.93180963e-02
  -1.62831234e-02  1.17845162e-02]
 [ 2.36623379e+00 -1.40324898e-01 -1.85168158e-01 ... -5.79856105e-03
   2.27569908e-02  2.18277292e-02]
 ...
 [ 2.28264584e+00 -2.81740568e-02  3.47014056e-01 ... -1.45826981e-03
   2.22204749e-02  6.21795494e-02]
 [ 2.05852612e+00 -4.73953419e-02  3.33991953e-01 ... -2.92558923e-02
  -9.57994842e-03  3.57095706e-02]
 [ 1.94016979e+00 -2.26305541e-01  2.37809554e-01 ... -8.29109025e-03
   6.97186964e-03  4.20983638e-02]]","(98, 22)"
109,./Sample-kelapa/data/cut_sample/muda/wav/muda6b.wav,muda6b.wav,immature,"[[ 2.51548861e+00 -1.99049646e-02 -9.57038662e-02 ...  6.17565908e-03
   3.87904175e-03  1.31891217e-03]
 [ 2.46684788e+00 -4.38478480e-02 -7.28859358e-02 ... -5.38790687e-03
  -2.27262184e-03  1.00385809e-02]
 [ 2.49977364e+00 -1.79059015e-02 -9.42182008e-02 ...  2.04700923e-02
   7.94039712e-03  3.36831186e-03]
 ...
 [ 2.20710859e+00  5.32077032e-01 -1.03328981e-01 ...  9.82765207e-03
   2.34369078e-02 -4.08013724e-03]
 [ 2.17195871e+00  4.68175402e-01 -1.53804462e-01 ... -4.99808465e-03
   1.91033933e-02 -8.11824646e-03]
 [ 2.10610357e+00  4.63079224e-01 -1.59965820e-01 ...  3.09663226e-02
   1.90380474e-02  1.46546580e-02]]","(98, 22)"
110,./Sample-kelapa/data/cut_sample/muda/wav/muda6c.wav,muda6c.wav,immature,"[[ 2.62980243e+00  2.53760187e-02 -4.19456084e-02 ...  9.37026441e-03
  -1.05775163e-02 -2.24554032e-03]
 [ 2.58102097e+00 -3.27409724e-02  1.33757267e-02 ...  5.47390598e-03
   5.96964522e-03  2.55051036e-02]
 [ 2.59566263e+00 -4.76002614e-02 -5.67338418e-02 ... -6.38301932e-03
  -1.45273691e-02 -1.99566186e-03]
 ...
 [ 1.94786338e+00  3.77721516e-02 -3.14319672e-01 ...  4.54627580e-02
  -2.15857947e-02 -3.33366114e-02]
 [ 1.86588615e+00  9.64296151e-02 -2.06087300e-01 ...  2.58849213e-02
  -1.34100941e-02 -1.27362452e-02]
 [ 1.80242457e+00  6.84985010e-02 -1.98093250e-01 ...  2.30374224e-02
  -1.78269770e-02 -5.25120664e-03]]","(98, 22)"
111,./Sample-kelapa/data/cut_sample/muda/wav/muda7a.wav,muda7a.wav,immature,"[[ 2.61643186e+00  8.00415551e-03 -7.74115933e-02 ... -8.70627980e-03
  -1.21416674e-02  3.28632048e-03]
 [ 2.66046598e+00  6.69875278e-02 -9.38856588e-02 ...  1.34887185e-02
  -1.32441217e-02 -7.53650249e-03]
 [ 2.57756419e+00  6.22045081e-03 -8.83086574e-02 ... -5.83508274e-04
  -1.20547463e-02 -1.05157635e-02]
 ...
 [ 2.04332962e+00  2.87986033e-02 -3.17952241e-01 ... -9.72395036e-03
  -1.03632706e-02  1.12915269e-02]
 [ 1.87564291e+00  1.06854375e-01 -1.73630842e-01 ...  2.19577854e-03
  -1.51735591e-02 -9.06559890e-03]
 [ 1.86297719e+00  1.31073995e-01 -1.14900399e-01 ... -1.29089236e-02
  -2.77748826e-02  7.22308208e-03]]","(98, 22)"
112,./Sample-kelapa/data/cut_sample/muda/wav/muda7b.wav,muda7b.wav,immature,"[[ 2.50566753e+00  2.42657055e-02  4.09650349e-02 ...  1.23940076e-02
  -1.78578435e-03 -1.25313428e-02]
 [ 2.44036412e+00  1.08212823e-02  6.55180578e-02 ...  3.55437351e-02
  -5.09609718e-03 -1.51390306e-02]
 [ 2.42162529e+00  2.64825740e-02  1.15084636e-01 ...  2.10200778e-02
  -8.27783684e-03 -2.43053434e-02]
 ...
 [ 2.13481953e+00  2.04626682e-01  8.38713612e-02 ... -1.22037862e-03
   6.44566848e-02 -2.69931434e-02]
 [ 1.81689586e+00 -6.66759607e-02  7.85959718e-02 ...  9.00706816e-03
   4.76348112e-02 -3.88647918e-02]
 [ 1.62525415e+00  1.81032705e-01  5.46122242e-02 ...  1.68047773e-02
  -7.61577140e-04 -2.26506035e-02]]","(98, 22)"
113,./Sample-kelapa/data/cut_sample/muda/wav/muda7c.wav,muda7c.wav,immature,"[[ 2.34244471e+00 -3.10262583e-01 -3.22615170e-02 ... -2.44823313e-02
  -1.15614550e-04  1.58471411e-02]
 [ 2.36682816e+00 -2.95178834e-01 -2.27389068e-02 ... -3.40067234e-02
  -1.61525359e-02  1.35605309e-02]
 [ 2.32111528e+00 -3.22389843e-01  9.64154232e-04 ... -3.58876343e-02
  -1.93708388e-02  1.57291630e-02]
 ...
 [ 1.56461159e+00  2.91004829e-01  2.61504675e-01 ... -1.23006196e-02
  -2.55585265e-02  8.34667695e-04]
 [ 1.48125605e+00  2.40688632e-01  2.72140424e-01 ...  2.15254883e-02
   2.38457214e-03  1.09478665e-02]
 [ 1.45564137e+00  2.32577067e-01  2.81584592e-01 ...  2.66060357e-02
  -1.48767451e-02 -1.48151978e-02]]","(98, 22)"
114,./Sample-kelapa/data/cut_sample/muda/wav/muda8a.wav,muda8a.wav,immature,"[[ 2.12068485e+00 -2.45141658e-01  1.08374018e-01 ... -1.20486472e-03
  -1.09252113e-03  2.15834203e-02]
 [ 2.12080015e+00 -1.81906348e-01  1.87630119e-01 ...  7.14577264e-03
  -3.13769012e-03  7.81302000e-04]
 [ 2.13231172e+00 -2.00738311e-01  1.78216292e-01 ...  1.19432660e-02
   1.01313260e-03 -1.00113984e-02]
 ...
 [ 1.27336765e+00 -2.50323592e-01  4.67332632e-02 ...  9.51947687e-03
   3.39298018e-03  7.17783855e-03]
 [ 1.28976906e+00 -2.75656510e-01  6.49279514e-02 ...  1.63364953e-03
  -2.80074577e-03 -4.83841976e-04]
 [ 1.30061293e+00 -2.96834215e-01  5.36025962e-02 ...  3.91551280e-03
  -9.72859202e-03 -9.25300481e-03]]","(98, 22)"
115,./Sample-kelapa/data/cut_sample/muda/wav/muda8b.wav,muda8b.wav,immature,"[[ 2.20945092e+00 -1.96926442e-01  1.51165103e-01 ... -2.53875252e-02
  -1.92254793e-03  4.67847476e-03]
 [ 2.19002560e+00 -1.88045940e-01  1.39624603e-01 ...  2.00335779e-02
   1.79296397e-02 -1.64047321e-03]
 [ 2.19503377e+00 -1.88226043e-01  1.63274158e-01 ...  1.95064524e-02
   2.03670520e-02  1.35722560e-02]
 ...
 [ 1.26354865e+00 -3.02190720e-02 -3.70403868e-02 ... -3.30212527e-03
  -4.10526421e-03  1.81883255e-03]
 [ 1.24634761e+00 -1.87021778e-02 -2.82149443e-02 ... -2.67572921e-03
   1.12363068e-03 -9.87324663e-04]
 [ 1.17289653e+00 -3.33404268e-02 -5.22262716e-02 ... -2.66694962e-03
  -1.73234986e-03  1.97399895e-04]]","(98, 22)"
116,./Sample-kelapa/data/cut_sample/muda/wav/muda8c.wav,muda8c.wav,immature,"[[ 2.33450076e+00 -1.29698980e-01 -1.73662541e-02 ... -1.10851507e-02
   1.06024559e-02 -1.75154742e-03]
 [ 2.32676931e+00 -8.40029203e-02  5.81541481e-02 ... -3.78205247e-02
   8.16969339e-03  1.61714420e-02]
 [ 2.38622783e+00 -2.32988658e-02  6.84692820e-02 ... -2.19791031e-02
  -8.60867972e-03 -4.69450268e-03]
 ...
 [ 1.66139632e+00  5.63550145e-01  2.55548082e-01 ... -2.32934045e-02
  -1.69221624e-02  2.81639934e-02]
 [ 1.51899824e+00  4.63773374e-01  2.04714571e-01 ... -4.04169104e-03
   6.18362860e-04  2.80870682e-02]
 [ 1.39387952e+00  3.83702524e-01  2.40458592e-01 ...  1.40534155e-04
   1.01487248e-02  3.28649032e-02]]","(98, 22)"
117,./Sample-kelapa/data/cut_sample/muda/wav/muda9a.wav,muda9a.wav,immature,"[[ 2.41185189e+00 -3.48634020e-03  6.32322324e-02 ... -6.76705400e-03
  -1.15539182e-02 -9.68010598e-03]
 [ 2.36607481e+00 -4.14540285e-02  2.46615094e-02 ... -1.99909504e-02
   1.01907953e-03  6.08438304e-03]
 [ 2.30474479e+00 -1.00983527e-01  1.08809400e-02 ... -2.91844923e-02
  -1.85951362e-02  7.82011643e-03]
 ...
 [ 1.63637653e+00  3.45319701e-01  3.40507900e-01 ... -1.90796224e-02
  -1.56805846e-02  1.78811624e-03]
 [ 1.58688837e+00  2.98635421e-01  3.57819236e-01 ... -7.61244835e-03
  -6.55984054e-03  1.30689779e-02]
 [ 1.57725097e+00  3.37821847e-01  3.87076517e-01 ... -2.03728391e-02
  -2.02094476e-02 -8.13507557e-04]]","(98, 22)"
118,./Sample-kelapa/data/cut_sample/muda/wav/muda9b.wav,muda9b.wav,immature,"[[ 2.38400036e+00 -1.13894738e-01 -8.18150409e-02 ...  3.81939960e-03
   1.20578499e-02  2.22364381e-02]
 [ 2.40970416e+00 -1.04782482e-01 -9.72300733e-02 ...  7.95122204e-03
  -9.27328357e-03  1.65719320e-02]
 [ 2.41395037e+00 -9.98713614e-02 -1.11689309e-01 ...  7.81887048e-03
  -8.70229990e-04  1.39893632e-02]
 ...
 [ 1.33527914e+00 -2.44154081e-02  1.21504510e-01 ...  5.84373156e-03
   1.59870939e-02  1.50675155e-02]
 [ 1.31367541e+00 -1.94170125e-02  1.29856008e-01 ... -8.28398782e-03
   7.91373362e-03  1.01595749e-02]
 [ 1.27502438e+00 -3.66308444e-02  1.41159919e-01 ... -3.07008530e-03
   2.15132625e-02  1.41169593e-02]]","(98, 22)"
119,./Sample-kelapa/data/cut_sample/muda/wav/muda9c.wav,muda9c.wav,immature,"[[ 2.39855600e+00 -6.34632424e-02  8.44292581e-02 ...  2.04998468e-02
   1.00444531e-02  9.07125162e-03]
 [ 2.40036144e+00 -8.34270557e-02  3.38067426e-02 ... -5.14328573e-03
   2.97785622e-04 -6.91946988e-04]
 [ 2.41135688e+00 -1.43026234e-01 -6.70604301e-02 ...  3.85558216e-03
   3.54358845e-02  3.26858779e-03]
 ...
 [ 1.76933406e+00 -1.49862591e-01 -3.53596732e-01 ...  5.45290325e-03
  -3.57810550e-02  1.36731976e-02]
 [ 1.65833651e+00 -8.52826854e-02 -3.02681903e-01 ...  1.35272858e-02
  -2.79194463e-02 -2.78653109e-02]
 [ 1.63791562e+00 -6.15527625e-02 -3.25123575e-01 ...  1.18429627e-02
  -3.30541138e-02 -2.43019089e-02]]","(98, 22)"
121,./Sample-kelapa/data/cut_sample/tua/wav/tua10b.wav,tua10b.wav,overmature,"[[ 2.06044288e+00 -4.05586752e-01  8.02875643e-03 ...  9.28985150e-03
  -6.31891234e-03 -6.10080161e-03]
 [ 2.10357545e+00 -3.81248020e-01  1.52003993e-02 ... -7.87227035e-04
  -1.61171827e-02 -3.43071646e-03]
 [ 2.15951734e+00 -4.26689727e-01  3.06916046e-02 ...  4.88380254e-04
  -1.64729507e-03 -7.09542649e-03]
 ...
 [ 1.63555499e+00 -2.19638712e-02 -1.18786070e-01 ...  3.62728687e-03
  -4.75426340e-02 -4.53137447e-02]
 [ 1.35747915e+00 -2.14778648e-01 -3.73507447e-02 ... -1.17302409e-03
  -1.36792862e-02  2.98031580e-03]
 [ 1.33093765e+00 -2.02350265e-01 -3.31160078e-02 ...  1.74772557e-02
  -2.21874047e-03  3.02112987e-03]]","(98, 22)"
122,./Sample-kelapa/data/cut_sample/tua/wav/tua10c.wav,tua10c.wav,overmature,"[[ 2.06452983e+00 -3.59708123e-01  7.89309870e-03 ... -5.13116858e-04
  -3.02841386e-03  4.36969566e-03]
 [ 2.06335581e+00 -3.52746266e-01  3.12736474e-02 ... -7.34997231e-03
  -2.10304628e-02  5.44301248e-03]
 [ 2.03729318e+00 -3.46317002e-01  3.49577089e-02 ... -4.03304705e-03
  -1.07833398e-02  1.78991494e-02]
 ...
 [ 1.66226850e+00  2.84173915e-01  2.51824073e-02 ...  2.91585632e-02
   6.02916441e-02  5.63170727e-02]
 [ 1.63934574e+00  2.71070983e-01  1.34241864e-02 ...  3.48779848e-02
   6.32611332e-02  4.80827910e-02]
 [ 1.62395628e+00  2.53583357e-01  2.05334520e-02 ...  3.22911417e-02
   6.74742625e-02  7.19955404e-02]]","(98, 22)"
123,./Sample-kelapa/data/cut_sample/tua/wav/tua11a.wav,tua11a.wav,overmature,"[[ 1.91847036e+00 -3.78723169e-01  1.09955017e-02 ... -1.56544854e-03
   2.82744307e-04  1.05589393e-02]
 [ 1.89770014e+00 -3.81607187e-01 -2.05996637e-02 ... -1.21075591e-02
  -1.56252702e-02 -2.25316892e-03]
 [ 1.85016219e+00 -4.02213306e-01  2.39951922e-02 ... -1.09759270e-02
  -6.75828879e-03  1.10597920e-02]
 ...
 [ 3.36360493e+00 -3.90917056e-01  2.39221076e-01 ...  4.43807469e-02
   7.23699080e-03  5.83021410e-02]
 [ 3.19919360e+00 -3.71603235e-01  1.59855931e-01 ...  3.23911695e-02
   1.00059052e-02  2.28587914e-02]
 [ 3.02608266e+00 -3.63497035e-01  1.69544648e-01 ... -2.30619534e-03
  -4.89205653e-04  2.02413996e-02]]","(98, 22)"
124,./Sample-kelapa/data/cut_sample/tua/wav/tua11b.wav,tua11b.wav,overmature,"[[ 2.03435181e+00 -3.44816536e-01  8.94332088e-02 ... -9.85886356e-03
  -2.11744207e-03  1.98384255e-02]
 [ 2.01419086e+00 -3.50373422e-01  5.47494262e-02 ... -1.69342236e-02
  -1.53866955e-02  1.00814891e-02]
 [ 2.07171350e+00 -2.97893197e-01  3.89616992e-02 ...  9.06800929e-03
   1.34684975e-02  2.05578418e-02]
 ...
 [ 2.24710570e+00 -9.60761492e-01 -9.16919030e-02 ... -3.32383553e-02
  -2.35076748e-02  2.49603111e-02]
 [ 2.20909867e+00 -1.03969491e+00  9.18792173e-02 ... -5.70957945e-02
  -1.80231345e-02  5.22038834e-02]
 [ 1.49266379e+00 -3.44533445e-01  2.43537278e-04 ... -2.07934811e-02
   2.11946780e-03  1.47751487e-02]]","(98, 22)"
125,./Sample-kelapa/data/cut_sample/tua/wav/tua11c.wav,tua11c.wav,overmature,"[[ 2.37909859e+00 -4.66454800e-01 -2.27765563e-01 ... -1.73177835e-02
   2.55770146e-02  2.44952563e-02]
 [ 2.38981288e+00 -4.86988588e-01 -2.35053191e-01 ... -2.24273534e-02
   1.74086211e-02  4.45199117e-03]
 [ 2.37942013e+00 -4.90977037e-01 -2.09278310e-01 ... -3.23638974e-02
   6.67884040e-03  1.26966539e-02]
 ...
 [ 1.89772605e+00 -7.74994121e-02 -6.98614454e-01 ... -2.99890304e-02
   2.91912258e-02  3.19651961e-03]
 [ 1.77263002e+00 -1.36809018e-01 -6.18493517e-01 ...  2.11874711e-02
   4.74479889e-02 -3.23531794e-02]
 [ 1.31716357e+00 -2.15415319e-01 -1.09988386e-01 ...  3.80780554e-03
  -4.37904023e-03 -9.62477391e-04]]","(98, 22)"
126,./Sample-kelapa/data/cut_sample/tua/wav/tua12a.wav,tua12a.wav,overmature,"[[ 2.10685856e+00 -3.71811317e-01  1.88265848e-02 ...  2.48829943e-02
  -2.16393577e-02  4.31452932e-03]
 [ 2.10574187e+00 -3.54459275e-01 -6.39379955e-03 ...  2.02230560e-02
  -2.34305880e-02  9.59686154e-03]
 [ 2.10145851e+00 -3.58206871e-01  7.39396341e-04 ... -5.18767243e-03
  -2.41380613e-02  9.10798684e-03]
 ...
 [ 2.04112153e+00 -9.20174970e-01  2.12030610e-01 ...  5.45350983e-02
   4.17110694e-04 -2.39671758e-02]
 [ 2.02932468e+00 -9.67118231e-01  2.03619214e-01 ...  5.79381642e-02
   6.20483309e-03 -1.87022998e-02]
 [ 1.89199337e+00 -7.97347261e-01  1.24304831e-01 ... -3.58884028e-02
   8.44169046e-02 -7.12974148e-02]]","(98, 22)"
127,./Sample-kelapa/data/cut_sample/tua/wav/tua12b.wav,tua12b.wav,overmature,"[[ 2.20097576e+00 -3.83535834e-01 -5.84236299e-02 ...  2.10580842e-03
   8.55941708e-03  4.39544763e-03]
 [ 2.20168765e+00 -3.79857454e-01 -7.41807544e-02 ...  1.86512563e-02
   1.82855913e-02  6.46038211e-03]
 [ 2.20932910e+00 -3.81900694e-01 -7.41809183e-02 ...  9.53128698e-03
  -4.56037692e-03 -5.13920888e-03]
 ...
 [ 2.80175653e+00 -2.95411502e-01  1.47119136e-01 ...  4.79221933e-02
   3.97510129e-03  3.06333346e-02]
 [ 2.17786936e+00 -7.69465026e-01 -2.60119800e-01 ... -3.98498526e-02
   3.76750806e-02 -7.88392005e-03]
 [ 2.07882300e+00 -7.35090692e-01 -1.73430112e-01 ...  2.54483597e-02
   2.41910816e-02 -7.70665375e-02]]","(98, 22)"
128,./Sample-kelapa/data/cut_sample/tua/wav/tua12c.wav,tua12c.wav,overmature,"[[ 2.62334815e+00 -8.56466586e-01  1.82992545e-01 ...  1.92295330e-02
  -1.57142101e-02  5.56864521e-03]
 [ 2.68388644e+00 -8.72974442e-01  2.12314615e-01 ...  2.97567272e-02
  -2.36530762e-02  1.78974083e-02]
 [ 2.52278996e+00 -7.59384393e-01  1.56774676e-01 ... -1.12649121e-02
   1.09295972e-02  2.81551076e-02]
 ...
 [ 1.27275714e+00 -5.21083974e-02  9.94289638e-03 ...  3.79267039e-03
  -9.85530992e-03 -1.57741036e-03]
 [ 1.26179666e+00 -3.77877243e-02  1.47477874e-02 ...  4.46762419e-03
   1.58245669e-03  4.46838451e-03]
 [ 1.24212559e+00 -1.62940389e-02  1.92686367e-02 ... -1.22126215e-03
  -7.22149373e-03 -3.32176926e-03]]","(98, 22)"
129,./Sample-kelapa/data/cut_sample/tua/wav/tua13a.wav,tua13a.wav,overmature,"[[ 2.26534762e+00 -4.65723628e-01 -6.82149390e-02 ...  8.58915322e-03
  -5.53111111e-03  7.78002355e-03]
 [ 2.26370867e+00 -4.70842848e-01 -8.18393242e-02 ... -7.24344995e-03
  -1.59614750e-02  1.51721238e-03]
 [ 2.26287303e+00 -4.66496345e-01 -4.48191271e-02 ... -6.26648470e-03
  -1.38559067e-02  4.08490114e-03]
 ...
 [ 1.11899941e+00 -1.25437889e-01 -2.00006819e-02 ... -7.54746462e-04
  -9.09856544e-03  6.58785463e-04]
 [ 1.09087268e+00 -1.14950203e-01 -1.18769235e-02 ...  6.30828907e-03
  -3.17201785e-03 -3.15413089e-03]
 [ 1.07738389e+00 -1.12624691e-01 -6.98230515e-03 ... -3.78135514e-03
  -4.92243839e-03 -2.59582539e-03]]","(98, 22)"
130,./Sample-kelapa/data/cut_sample/tua/wav/tua13b.wav,tua13b.wav,overmature,"[[ 2.39481763e+00 -3.66852991e-01 -8.11970231e-02 ...  1.89467636e-02
  -1.32973863e-03  1.29877766e-02]
 [ 2.38650513e+00 -4.14829933e-01 -8.19682709e-02 ...  3.06358257e-03
  -8.75484754e-04  9.12999247e-03]
 [ 2.17984353e+00 -4.16560283e-01 -5.16166440e-02 ... -1.98692658e-02
  -9.37008488e-03  1.58460878e-02]
 ...
 [ 2.73117182e+00  1.42121247e-01 -4.51022438e-02 ... -1.44261234e-02
  -1.21747386e-01  4.54996124e-02]
 [ 2.60713205e+00  5.29407577e-02  1.75608127e-03 ...  5.65071173e-02
  -3.29943683e-02  2.31201003e-02]
 [ 2.56806554e+00  4.60836761e-02 -1.06993291e-02 ...  5.96110922e-02
  -2.16319684e-02  5.50971359e-03]]","(98, 22)"
131,./Sample-kelapa/data/cut_sample/tua/wav/tua13c.wav,tua13c.wav,overmature,"[[ 2.19475762e+00 -3.42528754e-01 -4.38108738e-02 ...  1.90282082e-02
  -2.27811987e-02 -7.53346713e-03]
 [ 2.19053018e+00 -3.95638458e-01 -9.74562509e-02 ...  3.14534359e-02
  -1.89089075e-02  1.02817177e-03]
 [ 2.18483660e+00 -3.98215512e-01 -7.00080693e-02 ...  9.22424244e-03
  -2.71798288e-02  1.50001328e-02]
 ...
 [ 1.75799096e+00 -6.53245137e-01  1.01161297e-02 ... -2.88714063e-02
   6.85887846e-02 -5.52240114e-02]
 [ 1.78075255e+00 -6.82267922e-01  2.41083418e-02 ... -2.17844118e-02
   6.19456161e-02 -7.40827989e-02]
 [ 1.78029388e+00 -6.65899128e-01  3.02540582e-02 ... -1.91719382e-02
   8.35006392e-02 -6.57570280e-02]]","(98, 22)"
132,./Sample-kelapa/data/cut_sample/tua/wav/tua14a.wav,tua14a.wav,overmature,"[[ 2.10685856e+00 -3.71811317e-01  1.88265848e-02 ...  2.48829943e-02
  -2.16393577e-02  4.31452932e-03]
 [ 2.10574187e+00 -3.54459275e-01 -6.39379955e-03 ...  2.02230560e-02
  -2.34305880e-02  9.59686154e-03]
 [ 2.10145851e+00 -3.58206871e-01  7.39396341e-04 ... -5.18767243e-03
  -2.41380613e-02  9.10798684e-03]
 ...
 [ 2.04112153e+00 -9.20174970e-01  2.12030610e-01 ...  5.45350983e-02
   4.17110694e-04 -2.39671758e-02]
 [ 2.02932468e+00 -9.67118231e-01  2.03619214e-01 ...  5.79381642e-02
   6.20483309e-03 -1.87022998e-02]
 [ 1.89199337e+00 -7.97347261e-01  1.24304831e-01 ... -3.58884028e-02
   8.44169046e-02 -7.12974148e-02]]","(98, 22)"
133,./Sample-kelapa/data/cut_sample/tua/wav/tua14b.wav,tua14b.wav,overmature,"[[ 2.03435181e+00 -3.44816536e-01  8.94332088e-02 ... -9.85886356e-03
  -2.11744207e-03  1.98384255e-02]
 [ 2.01419086e+00 -3.50373422e-01  5.47494262e-02 ... -1.69342236e-02
  -1.53866955e-02  1.00814891e-02]
 [ 2.07171350e+00 -2.97893197e-01  3.89616992e-02 ...  9.06800929e-03
   1.34684975e-02  2.05578418e-02]
 ...
 [ 2.24710570e+00 -9.60761492e-01 -9.16919030e-02 ... -3.32383553e-02
  -2.35076748e-02  2.49603111e-02]
 [ 2.20909867e+00 -1.03969491e+00  9.18792173e-02 ... -5.70957945e-02
  -1.80231345e-02  5.22038834e-02]
 [ 1.49266379e+00 -3.44533445e-01  2.43537278e-04 ... -2.07934811e-02
   2.11946780e-03  1.47751487e-02]]","(98, 22)"
134,./Sample-kelapa/data/cut_sample/tua/wav/tua14c.wav,tua14c.wav,overmature,"[[ 2.20097576e+00 -3.83535834e-01 -5.84236299e-02 ...  2.10580842e-03
   8.55941708e-03  4.39544763e-03]
 [ 2.20168765e+00 -3.79857454e-01 -7.41807544e-02 ...  1.86512563e-02
   1.82855913e-02  6.46038211e-03]
 [ 2.20932910e+00 -3.81900694e-01 -7.41809183e-02 ...  9.53128698e-03
  -4.56037692e-03 -5.13920888e-03]
 ...
 [ 2.80175653e+00 -2.95411502e-01  1.47119136e-01 ...  4.79221933e-02
   3.97510129e-03  3.06333346e-02]
 [ 2.17786936e+00 -7.69465026e-01 -2.60119800e-01 ... -3.98498526e-02
   3.76750806e-02 -7.88392005e-03]
 [ 2.07882300e+00 -7.35090692e-01 -1.73430112e-01 ...  2.54483597e-02
   2.41910816e-02 -7.70665375e-02]]","(98, 22)"
135,./Sample-kelapa/data/cut_sample/tua/wav/tua15a.wav,tua15a.wav,overmature,"[[ 2.35381664e+00 -5.19607540e-01 -1.02001555e-01 ... -1.09145198e-02
   1.00858629e-02 -4.28976872e-03]
 [ 2.34598039e+00 -5.16090956e-01 -1.18638698e-01 ... -1.33140398e-03
   1.32224061e-02 -2.34756197e-02]
 [ 2.30097915e+00 -5.22729034e-01 -1.39250501e-01 ... -1.24874394e-02
   1.79581075e-02 -1.77605087e-02]
 ...
 [ 1.75019039e+00 -2.13837075e-01 -5.57480912e-01 ... -3.18958696e-02
   3.48607103e-02  3.01350032e-02]
 [ 1.75039592e+00 -2.18564868e-01 -5.74647387e-01 ... -3.53231758e-02
   2.47605954e-02  2.52272144e-02]
 [ 1.73117641e+00 -2.28703794e-01 -5.64087404e-01 ... -3.73338386e-02
   1.95792695e-02  3.08976429e-02]]","(98, 22)"
136,./Sample-kelapa/data/cut_sample/tua/wav/tua15b.wav,tua15b.wav,overmature,"[[ 2.16355568e+00 -3.47316641e-01  8.03950647e-03 ... -1.08817207e-02
   3.25550690e-02 -1.51219653e-03]
 [ 2.12808295e+00 -3.75625686e-01 -1.22339366e-03 ... -1.26123324e-03
   2.47281751e-02 -3.43414726e-03]
 [ 2.09603758e+00 -4.05933907e-01  6.81611661e-03 ... -1.64958866e-02
   1.91479656e-02  3.61104188e-03]
 ...
 [ 1.42793120e+00 -1.79115506e-01 -4.05399353e-02 ... -2.18093487e-03
  -8.36354693e-03  7.70872757e-03]
 [ 1.40604687e+00 -1.99865542e-01 -2.35836109e-02 ...  4.88323800e-03
   1.07402006e-03  1.16597039e-02]
 [ 1.37760052e+00 -1.48470694e-01  4.28788765e-03 ... -3.29292226e-03
  -7.87503383e-03  4.10631409e-03]]","(98, 22)"
137,./Sample-kelapa/data/cut_sample/tua/wav/tua15c.wav,tua15c.wav,overmature,"[[ 2.05844476e+00 -3.31655542e-01  2.95097606e-02 ...  6.15439976e-03
  -9.18858918e-03  7.02635793e-05]
 [ 2.05776502e+00 -3.21690508e-01  3.72829457e-02 ... -1.65984971e-02
  -1.07984912e-02  1.30290709e-02]
 [ 2.04028571e+00 -3.55408220e-01  2.49750001e-02 ... -1.19921774e-02
  -2.18922781e-02  1.08520606e-02]
 ...
 [ 2.52088017e+00 -4.94206631e-01 -7.61300472e-01 ...  1.07831780e-02
  -5.38137177e-02  5.09087874e-02]
 [ 2.49127041e+00 -4.90997816e-01 -7.62099341e-01 ...  1.97673290e-02
  -5.73256064e-02  3.34956525e-02]
 [ 2.34576473e+00 -5.75189252e-01 -7.05457108e-01 ...  1.93637204e-02
  -4.36996907e-02  7.78480025e-02]]","(98, 22)"
138,./Sample-kelapa/data/cut_sample/tua/wav/tua16a.wav,tua16a.wav,overmature,"[[ 2.19855596e+00 -4.17953527e-01 -7.32321048e-02 ... -2.02754206e-02
  -6.71414650e-03  1.17597407e-02]
 [ 2.17659690e+00 -3.67634418e-01 -4.71573359e-02 ... -2.70313543e-03
  -1.43352759e-03  2.51332402e-02]
 [ 2.15882848e+00 -3.53732215e-01 -5.18925700e-02 ... -9.15391327e-03
  -3.42311525e-04  2.67058203e-02]
 ...
 [ 2.25709274e+00  6.10874244e-01 -1.68363905e-01 ... -1.63481855e-02
   4.51574921e-02 -1.51747689e-03]
 [ 1.80362578e+00  4.73749817e-01  2.15617292e-01 ...  1.50712915e-02
   1.51135107e-02 -2.02329456e-02]
 [ 1.34467385e+00 -5.86023920e-02 -8.09374611e-02 ... -1.35501321e-02
   5.33667567e-03 -1.98650049e-02]]","(98, 22)"
139,./Sample-kelapa/data/cut_sample/tua/wav/tua16b.wav,tua16b.wav,overmature,"[[ 2.25898863e+00 -3.07895893e-01 -1.25127722e-01 ...  2.71205996e-02
   8.31114271e-03  2.65223976e-03]
 [ 2.23973475e+00 -3.06900902e-01 -1.02531148e-01 ...  5.72782818e-03
   3.76849353e-03 -5.59453627e-03]
 [ 2.23558411e+00 -3.13675133e-01 -1.08944909e-01 ...  7.88136957e-03
  -2.99059074e-03 -1.69512305e-03]
 ...
 [ 2.00462490e+00 -1.47963553e-01 -5.99912058e-01 ... -4.73852947e-03
  -3.81918635e-03  3.37820014e-02]
 [ 1.96874504e+00 -1.42302278e-01 -6.06240340e-01 ... -1.57862956e-02
  -1.25273737e-02  2.75695290e-02]
 [ 1.75948130e+00 -2.73573188e-01 -4.61889218e-01 ...  2.27448477e-02
  -1.91829784e-02 -2.01375767e-02]]","(98, 22)"
140,./Sample-kelapa/data/cut_sample/tua/wav/tua16c.wav,tua16c.wav,overmature,"[[ 2.28071101e+00 -4.68544465e-01 -5.98528358e-02 ... -3.28000626e-02
   4.44318305e-03 -1.98377772e-03]
 [ 2.22892787e+00 -4.75665478e-01 -1.72479335e-02 ... -9.05182362e-03
   1.01204644e-02  3.85776724e-03]
 [ 2.22840234e+00 -4.75043020e-01 -3.36950561e-02 ... -2.68332214e-02
   1.40676508e-02  9.02859888e-03]
 ...
 [ 2.76302299e+00 -3.19027891e-01  2.40953384e-01 ... -3.00948249e-02
  -6.78632753e-02 -5.71502796e-02]
 [ 2.10062176e+00 -9.78972446e-01  3.40837744e-01 ... -1.31644403e-02
  -2.71586780e-02  1.49557793e-02]
 [ 1.99736068e+00 -8.48887144e-01  3.28811129e-01 ...  5.56311438e-04
  -2.99168677e-02  7.51620256e-03]]","(98, 22)"
145,./Sample-kelapa/data/cut_sample/tua/wav/tua18b.wav,tua18b.wav,overmature,"[[ 2.10107246e+00 -3.07546436e-01 -1.79392945e-02 ...  1.76392112e-02
   2.22033677e-02  1.30663679e-03]
 [ 2.10393259e+00 -3.08421409e-01 -4.44849139e-03 ...  2.04482341e-03
   1.09996798e-02  7.99360210e-03]
 [ 2.10807949e+00 -3.09118969e-01 -3.15665066e-02 ...  1.31872876e-03
  -5.15787139e-03 -7.57457983e-03]
 ...
 [ 2.34527393e+00 -7.85141763e-01 -2.18731766e-01 ... -3.19542553e-02
  -2.88243865e-02  6.19825736e-02]
 [ 2.11889171e+00 -7.70658413e-01 -2.17239310e-01 ...  4.56635639e-03
  -6.85081880e-02  4.28160958e-02]
 [ 1.65492491e+00 -2.25635659e-01 -4.47591241e-01 ... -1.35540265e-02
  -7.12774580e-02  1.15053006e-03]]","(98, 22)"
146,./Sample-kelapa/data/cut_sample/tua/wav/tua18c.wav,tua18c.wav,overmature,"[[ 2.06204122e+00 -3.58548634e-01 -7.16713081e-03 ...  1.15027078e-02
  -1.39063880e-02  1.19897090e-03]
 [ 2.10262690e+00 -3.48094124e-01 -8.30635441e-03 ...  2.18842446e-02
  -1.75651530e-02 -2.49808758e-02]
 [ 2.11825121e+00 -3.53774041e-01  1.32504465e-02 ...  3.33019692e-02
  -4.93843783e-03  9.26994323e-03]
 ...
 [ 2.58414624e+00 -1.54962776e-01  2.29750304e-01 ... -3.40314346e-02
   1.06095936e-03 -7.40130142e-02]
 [ 1.91685641e+00 -6.33976536e-01 -2.90155302e-01 ...  1.98397198e-02
   3.41110769e-02 -1.01136682e-01]
 [ 1.37888189e+00 -2.58617008e-01 -5.35104501e-03 ... -1.96320347e-03
   2.21849681e-03 -2.81980309e-03]]","(98, 22)"
154,./Sample-kelapa/data/cut_sample/tua/wav/tua20b.wav,tua20b.wav,overmature,"[[ 2.24338555 -0.31608562 -0.11151415 ...  0.00882157 -0.00967209
   0.00479462]
 [ 2.19596523 -0.336505   -0.06089702 ...  0.00646873 -0.02479456
  -0.00353897]
 [ 2.18585606 -0.3658846  -0.06686126 ...  0.00923254 -0.03225795
   0.00765008]
 ...
 [ 2.32520365 -0.4708719  -0.75131394 ...  0.00241244  0.015961
  -0.09163435]
 [ 2.28813618 -0.46784771 -0.6877655  ... -0.02757711  0.0169691
  -0.09155567]
 [ 2.10305638 -0.31251295 -0.67465041 ... -0.01981622 -0.03696807
   0.02279599]]","(98, 22)"
155,./Sample-kelapa/data/cut_sample/tua/wav/tua20c.wav,tua20c.wav,overmature,"[[ 2.16424163e+00 -3.98458824e-01 -4.30814189e-03 ...  8.24207647e-03
  -2.56532842e-02  5.07926985e-03]
 [ 2.20073370e+00 -3.86286569e-01  1.59869307e-03 ... -2.89135558e-03
  -3.62716685e-02  1.36724217e-02]
 [ 2.19059104e+00 -3.51864065e-01 -1.45823982e-02 ...  6.44454729e-03
  -1.21951914e-02  1.34940981e-02]
 ...
 [ 2.87603936e+00 -2.75051009e-01  8.57320731e-02 ...  1.85510756e-03
  -5.08543962e-02  3.40668468e-02]
 [ 3.17461846e+00 -5.88914747e-01  1.64926197e-01 ...  3.77607834e-02
  -4.92996043e-02  1.72034546e-03]
 [ 3.36319792e+00 -7.73687194e-01  1.89296238e-01 ...  3.20691590e-02
  -4.16908575e-02 -1.02795812e-02]]","(98, 22)"
156,./Sample-kelapa/data/cut_sample/tua/wav/tua2a.wav,tua2a.wav,overmature,"[[ 2.96735757 -0.68041236 -0.13093681 ... -0.02010515 -0.02503438
   0.00985029]
 [ 2.96627868 -0.6352241  -0.11712847 ... -0.01653833 -0.02942346
   0.00708209]
 [ 2.93155572 -0.63646927 -0.13608196 ... -0.00785463 -0.03336827
   0.00391026]
 ...
 [ 2.58617543 -0.58538142 -0.2060927  ... -0.00478106 -0.02084488
  -0.02030111]
 [ 2.647137   -0.69087792 -0.1606527  ... -0.00792144 -0.02088873
  -0.01868502]
 [ 2.85932931 -0.95514455 -0.12366372 ... -0.00465464 -0.04377555
  -0.05187583]]","(98, 22)"
157,./Sample-kelapa/data/cut_sample/tua/wav/tua2b.wav,tua2b.wav,overmature,"[[ 2.22207719e+00 -4.63571007e-01  1.02708539e-01 ... -2.90995002e-03
  -6.18137089e-03 -8.79710625e-03]
 [ 2.28031566e+00 -5.49099307e-01  9.56057137e-02 ... -7.00250435e-03
  -3.04648444e-02 -4.60782574e-03]
 [ 2.31756642e+00 -5.59272095e-01  1.12912262e-01 ... -4.98963585e-03
  -1.59108634e-02  1.89427266e-02]
 ...
 [ 3.38243514e+00 -4.49251435e-01 -4.56768026e-02 ... -2.64538750e-03
  -1.89788441e-03  4.90889729e-02]
 [ 3.36670256e+00 -2.74696100e-01  4.87563677e-02 ... -2.30644029e-02
   2.56450575e-03  5.60296187e-03]
 [ 3.29276129e+00 -2.79382215e-01  3.27604094e-02 ...  1.93266921e-02
   3.13436614e-02  3.31043158e-02]]","(98, 22)"
158,./Sample-kelapa/data/cut_sample/tua/wav/tua2c.wav,tua2c.wav,overmature,"[[ 2.02153167e+00 -3.25780744e-01  2.20579232e-02 ...  9.19288779e-03
   1.94131860e-02 -6.87782458e-03]
 [ 2.05101933e+00 -3.73314312e-01  5.41741500e-02 ... -2.17125124e-03
   3.06170947e-03 -4.12447649e-03]
 [ 2.03856743e+00 -3.52158313e-01  1.70452922e-02 ... -4.89968356e-03
  -1.29269090e-02 -8.28355587e-03]
 ...
 [ 1.55080758e+00  1.79814014e-01 -1.27235373e-02 ...  9.12704719e-03
   2.85532063e-02  2.96301323e-02]
 [ 1.26758999e+00 -3.59683664e-02 -4.64277759e-03 ... -2.02006746e-03
  -8.45540127e-03  1.89742142e-03]
 [ 1.26091566e+00 -3.59626839e-02 -8.35705080e-03 ... -4.95994517e-03
  -1.33644006e-02 -2.04738398e-03]]","(98, 22)"
162,./Sample-kelapa/data/cut_sample/tua/wav/tua4a.wav,tua4a.wav,overmature,"[[ 2.17496825e+00 -3.60375247e-01 -4.64244253e-02 ... -8.28518474e-05
  -1.14038436e-02  1.05213377e-03]
 [ 2.14649111e+00 -3.50854038e-01 -6.56992163e-02 ...  1.13944587e-02
  -5.27144779e-03 -8.18417072e-03]
 [ 2.17069590e+00 -3.29898622e-01 -9.35182860e-02 ...  2.00089245e-03
  -6.16072230e-04 -6.40330855e-03]
 ...
 [ 2.32603783e+00 -8.33096393e-01 -2.36715393e-01 ...  5.38080400e-02
  -2.44419049e-02  4.02269967e-02]
 [ 2.33450199e+00 -8.20398202e-01 -2.63228770e-01 ...  4.41892593e-02
  -2.97664854e-02  2.71736129e-02]
 [ 2.14122403e+00 -7.26626950e-01 -1.12164264e-01 ...  3.29185717e-02
  -1.05391050e-01  7.77226544e-02]]","(98, 22)"
174,./Sample-kelapa/data/cut_sample/tua/wav/tua8a.wav,tua8a.wav,overmature,"[[ 2.18390396e+00 -4.48527629e-01  5.43818589e-02 ... -5.75660176e-04
  -1.38459437e-02  3.83861705e-03]
 [ 2.16254893e+00 -4.53520983e-01  9.35049110e-02 ...  3.84667404e-03
   5.73399601e-03 -4.67021950e-03]
 [ 2.11941284e+00 -4.27191241e-01  8.23221592e-02 ...  4.44853133e-03
   5.72833875e-03 -5.59622686e-03]
 ...
 [ 2.02862879e+00 -6.00454662e-01 -4.73864795e-01 ... -1.98665270e-02
   2.63102975e-02 -6.64664775e-02]
 [ 1.93388046e+00 -5.95921188e-01 -4.21247217e-01 ... -1.44012135e-02
   2.43467316e-02 -7.98056412e-02]
 [ 1.88582863e+00 -5.55444712e-01 -3.68056908e-01 ... -2.27186841e-03
   1.23162931e-02 -7.14127789e-02]]","(98, 22)"
175,./Sample-kelapa/data/cut_sample/tua/wav/tua8b.wav,tua8b.wav,overmature,"[[ 2.05371363e+00 -3.14118374e-01  5.74558529e-02 ...  4.20659328e-03
  -1.40298659e-02 -1.55536599e-02]
 [ 2.03479934e+00 -3.11125581e-01  4.22677708e-02 ...  6.19018797e-03
   1.21169110e-02 -1.24289048e-02]
 [ 2.00793748e+00 -3.40894179e-01  4.56239167e-02 ...  4.15989478e-03
  -1.33971605e-02 -3.08487592e-03]
 ...
 [ 1.20112758e+00 -1.86505254e-01 -6.24480273e-02 ...  2.08205837e-03
   7.80604968e-03  1.28842209e-02]
 [ 1.17940061e+00 -1.65944159e-01 -4.97749241e-02 ...  3.54277269e-03
  -6.96919066e-03 -4.76078354e-03]
 [ 1.17980700e+00 -1.61740425e-01 -7.57198865e-02 ...  7.74735401e-03
  -2.62886099e-03 -4.94742336e-04]]","(98, 22)"
176,./Sample-kelapa/data/cut_sample/tua/wav/tua8c.wav,tua8c.wav,overmature,"[[ 1.98222159e+00 -3.14835811e-01  6.18477344e-02 ...  3.48113895e-02
   1.35512210e-02 -9.18228478e-03]
 [ 1.99692518e+00 -2.91471369e-01  3.97032115e-02 ...  1.12508808e-03
  -1.41872566e-02 -4.55719557e-03]
 [ 1.99720750e+00 -3.07259088e-01  5.44386126e-02 ...  8.16434462e-03
   4.85570950e-04 -5.21256056e-03]
 ...
 [ 2.87351975e+00 -6.65815634e-01  1.95123718e-01 ...  8.00940821e-02
   8.23147762e-02  3.38023304e-02]
 [ 2.28334929e+00 -1.11538486e+00  2.53109773e-01 ... -2.77252663e-02
  -1.00313020e-02  2.73976564e-02]
 [ 2.13836511e+00 -1.04314713e+00  3.12172643e-01 ...  1.65427068e-02
   2.96377839e-02 -2.49463838e-02]]","(98, 22)"
